"","elements_number","y_component_number","vector_length","temporary_size","vector_recompute","load_overlap","threads_number","lws_y","time_per_pixel"
"11881",20,5,8,2,"true","false",32,4,5.32605805892099e-10
"5594",2,1,16,2,"true","false",512,64,2.89406916208658e-09
"10449",8,4,1,2,"true","true",256,2,1.46003801983851e-10
"13937",15,5,2,4,"true","true",1024,128,5.63850132171646e-10
"22098",5,5,1,2,"true","false",512,4,1.17865496298058e-10
"21607",12,3,4,2,"true","true",1024,16,2.14384356403508e-10
"10858",10,5,1,2,"true","true",256,64,7.41240661216984e-10
"7132",20,5,1,2,"true","true",512,256,1.43059403954881e-09
"18072",3,3,1,2,"true","true",1024,8,1.36548767259252e-10
"11774",16,4,1,4,"true","true",64,1,1.56614620329246e-10
"7055",16,4,1,2,"true","true",128,1,1.57236511160692e-10
"2969",4,1,8,4,"true","true",512,32,5.95925918686657e-10
"16239",6,2,8,4,"true","true",512,32,5.62763926815078e-10
"19786",24,6,2,4,"true","true",128,2,1.41639115932257e-10
"18761",20,5,2,2,"true","false",512,64,3.69455344182551e-10
"9218",6,3,8,2,"true","false",512,32,6.43944508854397e-10
"3233",4,4,1,2,"true","true",128,32,7.3513651782463e-10
"16192",9,3,4,2,"true","true",256,8,2.23786994406016e-10
"16564",18,6,1,4,"true","false",128,1,1.63005055713304e-10
"10199",24,6,4,2,"true","false",1024,64,2.56559584262886e-10
"4943",4,1,4,2,"true","false",512,16,3.14105110698031e-10
"17988",18,6,1,2,"true","true",128,32,7.20926805258904e-10
"3705",4,2,8,2,"true","true",512,16,4.86559085790228e-10
"20706",5,5,8,2,"true","false",512,128,4.10757110180724e-09
"16289",12,6,2,2,"true","false",1024,128,4.55095564015427e-10
"12755",24,6,1,2,"true","false",256,2,1.4432792983405e-10
"6897",20,5,1,2,"true","true",256,64,6.67257734339872e-10
"7301",8,2,1,4,"true","false",128,4,2.07899614413689e-10
"1521",4,4,1,4,"true","false",512,8,1.25366521299284e-10
"1551",4,4,1,4,"true","true",256,2,1.24879203669815e-10
"20671",20,5,2,2,"true","false",256,4,1.48858292705467e-10
"16934",12,6,2,2,"true","true",512,32,2.25054723914897e-10
"109",3,3,1,4,"true","false",128,2,1.36120252443834e-10
"1526",4,4,2,2,"true","false",256,128,3.04484622915088e-09
"12347",20,5,2,4,"true","true",256,2,1.50684918849133e-10
"14796",18,6,1,2,"true","true",64,2,1.65778334083565e-10
"14318",9,3,4,4,"true","true",512,2,2.22407132745234e-10
"17639",8,2,2,2,"true","false",128,1,2.04811532627718e-10
"17875",5,5,2,4,"true","false",512,64,7.86206040666593e-10
"4541",4,2,1,2,"true","false",256,2,1.79879678295205e-10
"21225",12,6,2,4,"true","true",512,8,1.36501235016115e-10
"6418",5,5,1,2,"true","false",128,2,1.18427245214453e-10
"17360",12,3,2,4,"true","true",128,2,1.73768901026441e-10
"792",4,2,1,2,"true","false",128,1,1.81710718902162e-10
"1091",3,3,1,4,"true","false",128,2,1.36120252443834e-10
"23063",12,3,1,2,"true","true",256,2,1.74188710173769e-10
"12642",9,3,4,2,"true","false",128,16,5.34609675661637e-10
"14241",8,4,2,2,"true","true",128,4,1.4493093093373e-10
"235",4,4,8,2,"true","false",32,16,7.27102742717321e-09
"14134",6,6,1,4,"true","true",1024,2,1.18398283203908e-10
"7768",6,3,2,2,"true","false",128,4,1.5817793699039e-10
"21142",5,5,1,2,"true","true",512,16,1.25137945842182e-10
"20474",10,5,2,4,"true","false",1024,512,1.91114655962754e-09
"607",3,1,4,2,"true","false",256,8,3.68599901039091e-10
"18049",6,6,1,4,"true","false",128,8,1.94072077229842e-10
"4588",2,2,1,2,"true","false",128,2,1.5624413559592e-10
"16482",6,3,2,4,"true","true",1024,2,1.61135947928759e-10
"1489",4,1,4,2,"true","false",256,8,3.10651886458004e-10
"6159",4,1,2,2,"true","true",512,64,6.52604496637158e-10
"6492",15,5,8,2,"true","true",1024,64,5.13064930857826e-10
"6083",4,2,1,2,"true","true",256,4,1.80536216891147e-10
"4735",2,1,4,4,"true","false",32,16,4.55488307749017e-09
"9279",24,6,4,4,"true","true",128,1,1.42986124513889e-10
"16472",16,4,4,2,"true","false",64,1,1.57541884431333e-10
"5435",4,1,4,2,"true","true",128,1,3.00554927648439e-10
"17599",8,2,4,2,"true","false",256,4,2.07214474054074e-10
"1075",2,2,8,2,"true","false",512,32,1.36464465824989e-09
"4892",4,4,1,2,"true","true",32,16,1.43697054485493e-09
"4952",2,1,4,2,"true","true",32,16,4.54831441462994e-09
"19264",15,5,1,2,"true","false",256,2,1.71942181502046e-10
"6414",10,5,8,2,"true","false",256,64,1.97809814059686e-09
"14013",6,6,8,2,"true","false",128,4,6.08598914198996e-10
"5793",4,4,1,4,"true","true",512,2,1.23999015246297e-10
"45411",4,2,1,2,"true","false",256,2,1.79879678295205e-10
"14679",6,3,1,2,"true","true",256,128,1.63503473636992e-09
"970",4,2,4,2,"true","true",128,16,8.76347930768302e-10
"18086",12,3,2,2,"true","false",128,2,1.73812692295894e-10
"19466",12,6,2,4,"true","true",512,128,7.93045770503164e-10
"3260",3,3,8,4,"true","true",512,256,8.88348666194394e-09
"10667",16,4,8,4,"true","true",128,8,3.30869183574901e-10
"3916",4,1,4,2,"true","false",64,1,3.01655269263187e-10
"21993",20,5,4,4,"true","true",128,1,1.48373401207609e-10
"20013",6,2,1,4,"true","false",512,128,9.9978950689115e-10
"45881",2,2,1,2,"true","false",128,2,1.5624413559592e-10
"4988",2,2,1,4,"true","true",256,16,2.6635478882476e-10
"20413",15,5,1,4,"true","false",128,4,1.73683539970295e-10
"14256",6,3,1,4,"true","true",512,8,1.5860983883948e-10
"19977",5,5,1,4,"true","true",512,128,7.97980812082284e-10
"5561",4,4,4,4,"true","false",128,32,2.51440639007117e-09
"7911",6,2,1,4,"true","true",128,8,3.30891011992983e-10
"11951",6,3,4,4,"true","true",256,16,4.35031925093941e-10
"9843",6,6,1,2,"true","false",256,4,1.17149348789584e-10
"17918",12,3,4,4,"true","true",512,8,1.78735179382535e-10
"19789",8,2,4,2,"true","true",256,2,2.05341983808708e-10
"13684",12,3,2,2,"true","false",256,4,1.74609599331375e-10
"6648",15,5,8,4,"true","false",128,8,4.23925307339362e-10
"21985",20,5,2,2,"true","true",128,32,6.32066971254029e-10
"1092",3,3,1,4,"true","false",128,2,1.36120252443834e-10
"21247",24,6,4,2,"true","true",32,8,6.0322678832412e-10
"9656",8,4,2,4,"true","false",256,16,2.34981376084071e-10
"1999",3,3,1,4,"true","false",512,2,1.35341152549115e-10
"4519",4,4,4,4,"true","true",256,128,5.25040238922695e-09
"11400",9,3,8,2,"true","false",128,8,4.73381122385418e-10
"17096",6,2,4,2,"true","false",1024,32,3.00595566866042e-10
"77681",6,3,2,2,"true","false",128,4,1.5817793699039e-10
"17930",5,5,1,2,"true","true",256,4,1.17379768662026e-10
"11618",2,1,2,2,"true","true",1024,8,2.50807208898201e-10
"20349",10,5,1,2,"true","true",128,2,1.43886857500089e-10
"17361",3,3,1,4,"true","true",1024,2,1.39399631012218e-10
"16974",12,3,1,4,"true","true",128,2,1.72925900783062e-10
"10080",12,6,2,4,"true","true",256,2,1.35761365941573e-10
"8422",8,2,4,4,"true","false",512,4,2.07668615016469e-10
"21311",24,6,4,2,"true","false",512,256,1.45145443538782e-09
"2809",2,2,8,4,"true","false",512,16,8.42342422051063e-10
"114001",9,3,8,2,"true","false",128,8,4.73381122385418e-10
"10142",6,6,2,2,"true","false",1024,128,8.85254030120932e-10
"17211",9,3,4,2,"true","false",256,2,2.21233294076482e-10
"47351",2,1,4,4,"true","false",32,16,4.55488307749017e-09
"13668",20,5,1,4,"true","true",64,1,1.47379046541376e-10
"3034",2,2,1,2,"true","false",512,4,1.55269439447837e-10
"19696",9,3,4,4,"true","true",64,2,2.26429654944439e-10
"17534",5,5,1,4,"true","false",512,32,2.09398753677232e-10
"21787",12,3,4,2,"true","true",128,1,1.73834988002712e-10
"7208",12,3,1,2,"true","false",256,4,1.75882140264378e-10
"100801",12,6,2,4,"true","true",256,2,1.35761365941573e-10
"8863",4,2,2,2,"true","true",1024,8,1.74376790866456e-10
"18559",12,3,2,4,"true","false",128,16,3.94884321031316e-10
"17219",12,6,8,4,"true","true",128,32,1.8594147579996e-09
"21499",6,3,2,4,"true","true",512,16,1.58856018236221e-10
"6239",3,3,1,4,"true","true",256,4,1.35697524537269e-10
"19660",6,3,1,4,"true","false",512,256,1.71117974395783e-09
"8734",8,2,4,4,"true","false",128,8,2.7547156234401e-10
"18371",8,4,2,2,"true","true",1024,16,1.43169217579077e-10
"11347",10,5,1,2,"true","true",128,4,1.43724384012191e-10
"22296",6,3,2,2,"true","false",256,32,4.39822901389376e-10
"4969",3,1,2,2,"true","false",512,256,3.0659440074019e-09
"14692",12,4,8,2,"true","false",128,16,7.25843512302343e-10
"20514",8,4,2,2,"true","false",128,1,1.44946489136578e-10
"3773",2,1,8,2,"true","true",512,64,1.80953526268186e-09
"11651",18,6,1,2,"true","true",1024,64,3.06376040215022e-10
"5971",4,4,16,2,"true","false",128,8,1.89382406975474e-09
"19013",12,6,2,2,"true","false",128,2,1.38159240037189e-10
"16927",12,4,8,4,"true","true",128,16,7.23900732614641e-10
"1415",4,2,16,2,"true","true",512,64,2.12232016692834e-09
"20530",12,3,4,2,"true","true",64,8,3.93026585140603e-10
"142411",8,4,2,2,"true","true",128,4,1.4493093093373e-10
"5753",4,1,4,4,"true","false",512,8,3.06723710090796e-10
"204131",15,5,1,4,"true","false",128,4,1.73683539970295e-10
"70551",16,4,1,2,"true","true",128,1,1.57236511160692e-10
"20833",12,6,1,4,"true","true",128,32,6.95491990875822e-10
"1093",3,3,1,4,"true","false",128,2,1.36120252443834e-10
"7698",10,5,2,4,"true","true",512,2,1.42353070684658e-10
"12317",6,2,2,2,"true","true",1024,512,2.40590050328489e-09
"3505",4,1,8,4,"true","true",32,16,3.36108700135771e-09
"197861",24,6,2,4,"true","true",128,2,1.41639115932257e-10
"22834",8,2,4,2,"true","true",256,4,2.05958342600532e-10
"7318",12,3,1,2,"true","true",1024,16,2.1340666844676e-10
"7004",6,2,1,2,"true","true",256,64,9.94401956086144e-10
"13708",5,5,8,2,"true","true",512,128,4.12873767979385e-09
"12655",2,1,2,2,"true","false",1024,8,2.50111116142312e-10
"22893",12,4,4,2,"true","true",128,16,4.92410297840618e-10
"21362",18,6,4,2,"true","false",64,2,1.84551837435773e-10
"5173",2,1,2,2,"true","true",128,2,2.69262520295719e-10
"12977",10,5,8,2,"true","false",128,4,3.60862420999103e-10
"16263",12,4,8,2,"true","false",256,32,7.36669796911867e-10
"3693",2,2,8,2,"true","true",512,16,8.45246123250887e-10
"18635",12,3,4,2,"true","true",1024,64,2.76304487879226e-10
"17754",5,5,1,2,"true","true",1024,32,1.25947020865076e-10
"14870",12,3,4,2,"true","true",128,2,1.75475275169667e-10
"16441",6,3,2,4,"true","false",1024,16,1.52554038682594e-10
"15211",4,4,1,4,"true","false",512,8,1.25366521299284e-10
"13520",9,3,2,4,"true","true",256,8,2.25849895829434e-10
"4826",4,1,4,4,"true","true",512,32,3.91392942508509e-10
"14258",6,6,1,2,"true","false",128,4,1.17732534790262e-10
"18197",12,3,16,2,"true","true",1024,512,4.48505868362398e-09
"14331",8,2,2,4,"true","false",1024,256,9.07546350921613e-10
"73011",8,2,1,4,"true","false",128,4,2.07899614413689e-10
"1157",4,1,8,2,"true","true",512,256,3.3505413475006e-09
"164721",16,4,4,2,"true","false",64,1,1.57541884431333e-10
"2797",1,1,1,4,"true","false",64,16,1.3605005302263e-09
"169741",12,3,1,4,"true","true",128,2,1.72925900783062e-10
"16080",2,1,2,4,"true","false",1024,16,2.50825972132783e-10
"88631",4,2,2,2,"true","true",1024,8,1.74376790866456e-10
"17571",8,2,16,2,"true","false",256,64,2.04390825074978e-09
"12928",8,4,4,4,"true","false",32,16,2.46792024649744e-09
"10849",6,2,4,2,"true","false",128,32,1.1224345671637e-09
"9325",5,5,1,2,"true","false",1024,8,1.22360757184054e-10
"4917",4,4,1,2,"true","true",512,2,1.26998171643399e-10
"11159",5,5,8,2,"true","false",128,8,1.03365285269881e-09
"4620",4,4,1,4,"true","false",128,4,1.26761029509907e-10
"51731",2,1,2,2,"true","true",128,2,2.69262520295719e-10
"3605",2,1,16,4,"true","true",512,64,2.89735629240528e-09
"1603",4,2,2,2,"true","true",128,2,1.84294389598871e-10
"17432",12,4,4,4,"true","true",128,64,1.71581436606955e-09
"14336",6,3,2,4,"true","true",128,2,1.59310753058631e-10
"7230",15,5,1,2,"true","false",512,4,1.74743548883907e-10
"10347",15,5,4,2,"true","false",256,16,2.89185258570724e-10
"30341",2,2,1,2,"true","false",512,4,1.55269439447837e-10
"6855",12,6,16,4,"true","false",256,32,1.78696149003473e-09
"12071",8,2,8,4,"true","false",128,64,2.36718652988002e-09
"9262",10,5,2,4,"true","true",512,4,1.40742193789431e-10
"84221",8,2,4,4,"true","false",512,4,2.07668615016469e-10
"16843",5,5,1,2,"true","false",128,16,3.66507719188093e-10
"2628",4,2,4,4,"true","true",128,32,1.64537710811401e-09
"14391",6,3,1,4,"true","true",1024,32,1.64234347027882e-10
"14976",8,2,2,4,"true","true",512,4,2.07631524819062e-10
"2894",3,1,1,2,"true","true",512,16,3.30030679416119e-10
"20595",8,4,2,4,"true","false",1024,128,4.55079559509264e-10
"172111",9,3,4,2,"true","false",256,2,2.21233294076482e-10
"3920",3,3,1,2,"true","true",128,2,1.37756460324827e-10
"1373",4,4,1,2,"true","false",128,4,1.28025322109481e-10
"21915",24,6,1,2,"true","true",512,8,1.50151943867924e-10
"205141",8,4,2,2,"true","false",128,1,1.44946489136578e-10
"1124",2,1,8,4,"true","false",512,128,3.38444647485438e-09
"20362",5,5,1,2,"true","true",256,1,1.18611767942795e-10
"1712",2,2,4,4,"true","true",256,128,6.29047609172743e-09
"5824",2,2,1,2,"true","true",512,4,1.55607518446307e-10
"5843",2,2,4,4,"true","false",512,128,3.23099053376052e-09
"6801",18,6,1,4,"true","true",256,1,1.63579677758031e-10
"23111",6,6,1,4,"true","true",512,64,3.9612430178648e-10
"3964",4,1,2,4,"true","true",32,16,2.33203042761474e-09
"16868",2,1,1,2,"true","false",1024,512,2.72296886093289e-09
"1540",2,1,2,4,"true","false",256,2,2.68810463805249e-10
"12072",9,3,4,2,"true","true",512,4,2.21249790164854e-10
"16605",8,2,4,2,"true","false",1024,16,2.52549667824561e-10
"6906",20,5,2,2,"true","true",512,8,1.56657491153631e-10
"14688",15,5,1,2,"true","true",1024,128,4.86656254767126e-10
"14048",15,5,16,2,"true","true",64,32,4.15321085843616e-09
"1671",2,1,8,2,"true","false",512,32,1.0452622550246e-09
"5189",4,1,4,4,"true","true",64,2,3.09983879460058e-10
"9165",8,2,1,4,"true","true",128,1,2.04604553028003e-10
"18318",20,5,4,2,"true","true",256,2,1.5022536007427e-10
"16777",24,6,2,4,"true","false",64,8,3.30834777189812e-10
"16358",18,6,1,4,"true","false",1024,512,1.94702538961328e-09
"1586",2,1,16,2,"true","true",512,32,1.7097237144334e-09
"203621",5,5,1,2,"true","true",256,1,1.18611767942795e-10
"15311",6,3,2,4,"true","true",1024,64,2.60021727905516e-10
"17258",6,6,1,2,"true","true",256,1,1.17919974204394e-10
"15162",24,6,8,2,"true","true",64,32,1.9111871439232e-09
"12747",5,5,4,2,"true","true",1024,32,4.49618785247126e-10
"4077",4,1,1,2,"true","true",512,32,3.91362030033223e-10
"12350",9,3,8,4,"true","true",128,8,4.77363407899828e-10
"45882",2,2,1,2,"true","false",128,2,1.5624413559592e-10
"512",2,1,2,2,"true","true",512,128,1.39314359788381e-09
"161921",9,3,4,2,"true","true",256,8,2.23786994406016e-10
"30342",2,2,1,2,"true","false",512,4,1.55269439447837e-10
"21490",2,1,2,2,"true","true",1024,16,2.51795241814533e-10
"805",2,2,1,2,"true","true",128,4,1.57042856566909e-10
"13384",15,5,1,4,"true","false",256,32,4.14866532642673e-10
"16888",18,6,1,2,"true","false",512,256,1.65941813145157e-09
"18423",12,3,4,2,"true","true",512,8,1.78452789991163e-10
"220981",5,5,1,2,"true","false",512,4,1.17865496298058e-10
"142581",6,6,1,2,"true","false",128,4,1.17732534790262e-10
"143361",6,3,2,4,"true","true",128,2,1.59310753058631e-10
"51732",2,1,2,2,"true","true",128,2,2.69262520295719e-10
"3440",4,4,8,2,"true","true",512,16,6.73207130363812e-10
"20670",12,4,16,4,"true","false",128,64,4.40898135440062e-09
"16279",20,5,1,4,"true","true",128,2,1.48145545150799e-10
"15430",20,5,2,2,"true","false",64,1,1.4731005264292e-10
"1343",4,4,1,2,"true","true",256,128,1.54280048067409e-09
"2575",4,2,16,2,"true","true",128,8,1.21122787103366e-09
"14736",6,6,16,2,"true","true",512,128,7.76821234098034e-09
"204132",15,5,1,4,"true","false",128,4,1.73683539970295e-10
"13043",5,5,4,2,"true","false",512,128,2.71529081225735e-09
"2723",3,1,1,2,"true","false",128,16,7.90814063875463e-10
"12412",15,5,8,2,"true","true",512,32,4.38708321976057e-10
"18041",18,6,1,4,"true","false",128,4,1.64625219965728e-10
"22441",24,6,4,2,"true","false",256,64,6.68488036701464e-10
"17980",24,6,8,4,"true","false",512,128,1.2048923236726e-09
"20532",12,3,1,2,"true","false",128,32,7.22869980731326e-10
"183711",8,4,2,2,"true","true",1024,16,1.43169217579077e-10
"19427",8,4,2,2,"true","false",256,128,1.52823428469805e-09
"45412",4,2,1,2,"true","false",256,2,1.79879678295205e-10
"15513",20,5,4,2,"true","true",64,2,1.50715622973087e-10
"3475",2,2,8,2,"true","false",128,8,1.38129141493819e-09
"51733",2,1,2,2,"true","true",128,2,2.69262520295719e-10
"54351",4,1,4,2,"true","true",128,1,3.00554927648439e-10
"15511",4,4,1,4,"true","true",256,2,1.24879203669815e-10
"4684",4,2,1,2,"true","false",256,8,1.81182095810127e-10
"5816",3,1,16,4,"true","false",256,128,7.13242089780887e-09
"18377",12,4,4,4,"true","false",512,128,9.60108913359016e-10
"19685",20,5,4,2,"true","false",512,64,3.71542835718244e-10
"22261",10,5,8,4,"true","true",128,16,9.83774158699919e-10
"45883",2,2,1,2,"true","false",128,2,1.5624413559592e-10
"17701",12,6,2,4,"true","false",512,4,1.3540030760049e-10
"172581",6,6,1,2,"true","true",256,1,1.17919974204394e-10
"21106",12,6,8,4,"true","true",128,4,3.46980194705005e-10
"9036",2,2,16,2,"true","false",1024,128,4.19822439956617e-09
"54352",4,1,4,2,"true","true",128,1,3.00554927648439e-10
"14329",5,5,1,4,"true","true",1024,4,1.22537313322951e-10
"21556",15,5,2,2,"true","true",256,128,1.77058986936543e-09
"14305",20,5,4,4,"true","false",128,1,1.48754738201527e-10
"17223",6,6,16,2,"true","true",256,64,7.10559354791144e-09
"18850",24,6,8,2,"true","true",64,16,9.556829465188e-10
"9886",20,5,16,2,"true","false",512,256,4.18325928398762e-09
"45413",4,2,1,2,"true","false",256,2,1.79879678295205e-10
"10193",12,6,8,4,"true","false",128,4,3.45732948543617e-10
"197862",24,6,2,4,"true","true",128,2,1.41639115932257e-10
"18435",24,6,1,4,"true","false",256,16,1.99360689219909e-10
"2768",3,1,2,2,"true","false",128,32,1.60472044753058e-09
"13006",16,4,2,2,"true","true",512,8,1.64829577019825e-10
"19610",20,5,2,4,"true","false",64,2,1.49337059342872e-10
"6110",4,4,8,2,"true","false",128,64,7.69852471552253e-09
"7217",24,6,4,2,"true","true",256,4,1.43377486488586e-10
"12908",2,2,1,2,"true","true",1024,512,2.05095098859241e-09
"8800",6,6,16,4,"true","true",32,16,1.10678782621159e-08
"394",2,1,2,2,"true","false",256,4,2.68275526978507e-10
"19818",12,4,4,4,"true","false",128,16,4.9332487158453e-10
"180721",3,3,1,2,"true","true",1024,8,1.36548767259252e-10
"62391",3,3,1,4,"true","true",256,4,1.35697524537269e-10
"21567",18,6,1,4,"true","false",256,2,1.64169929393176e-10
"7921",4,2,1,2,"true","false",128,1,1.81710718902162e-10
"17349",8,2,4,4,"true","true",1024,32,2.57209677997473e-10
"51734",2,1,2,2,"true","true",128,2,2.69262520295719e-10
"19924",12,3,4,2,"true","false",64,1,1.73350952378822e-10
"64181",5,5,1,2,"true","false",128,2,1.18427245214453e-10
"8308",18,6,4,2,"true","false",256,1,1.82091761630176e-10
"7628",12,6,2,4,"true","true",512,4,1.34066482063271e-10
"45414",4,2,1,2,"true","false",256,2,1.79879678295205e-10
"5320",4,2,1,4,"true","true",512,32,2.91853010268681e-10
"30343",2,2,1,2,"true","false",512,4,1.55269439447837e-10
"172582",6,6,1,2,"true","true",256,1,1.17919974204394e-10
"14191",2,1,2,2,"true","true",1024,32,2.54373500946029e-10
"902",3,3,1,4,"true","false",512,16,1.37621340842642e-10
"116181",2,1,2,2,"true","true",1024,8,2.50807208898201e-10
"2382",3,3,8,2,"true","true",256,16,1.18511856117664e-09
"4213",3,3,1,4,"true","false",512,4,1.35429549481083e-10
"199241",12,3,4,2,"true","false",64,1,1.73350952378822e-10
"19348",18,6,8,2,"true","true",256,128,2.75253099268172e-09
"142582",6,6,1,2,"true","false",128,4,1.17732534790262e-10
"15615",16,4,4,2,"true","true",256,8,1.6040413531583e-10
"20379",24,6,2,2,"true","true",128,1,1.42628496494094e-10
"62392",3,3,1,4,"true","true",256,4,1.35697524537269e-10
"15695",12,6,4,4,"true","false",256,128,2.63374290333633e-09
"10894",10,5,2,2,"true","false",32,16,1.36139777229282e-09
"17274",24,6,4,2,"true","false",256,4,1.43064682433489e-10
"6385",4,1,4,4,"true","false",128,1,3.00631855275054e-10
"183712",8,4,2,2,"true","true",1024,16,1.43169217579077e-10
"15456",9,3,1,4,"true","true",512,128,8.91268640398833e-10
"8158",5,5,1,2,"true","true",64,8,3.61864903728388e-10
"1094",3,3,1,4,"true","false",128,2,1.36120252443834e-10
"70552",16,4,1,2,"true","true",128,1,1.57236511160692e-10
"767",4,2,4,4,"true","true",256,64,1.6521740934665e-09
"7232",6,6,1,2,"true","true",32,8,6.63749110745376e-10
"19951",9,3,1,4,"true","false",64,2,2.01249270575334e-10
"10320",5,5,1,2,"true","true",32,8,6.95975569238545e-10
"15762",12,4,4,2,"true","false",128,4,2.04332223170412e-10
"7140",12,6,8,2,"true","true",256,128,4.09156972710082e-09
"8417",16,4,2,4,"true","false",512,64,3.75359185280094e-10
"7935",12,6,1,2,"true","true",256,2,1.36286375373921e-10
"45415",4,2,1,2,"true","false",256,2,1.79879678295205e-10
"20264",2,1,16,2,"true","true",1024,512,1.10021007771135e-08
"76281",12,6,2,4,"true","true",512,4,1.34066482063271e-10
"1306",2,1,8,2,"true","false",512,64,1.80485859056124e-09
"79351",12,6,1,2,"true","true",256,2,1.36286375373921e-10
"13085",12,6,2,4,"true","true",256,4,1.35662211876773e-10
"18490",20,5,4,2,"true","false",128,8,2.05853206579024e-10
"17889",5,5,1,4,"true","true",1024,8,1.22673693643043e-10
"58241",2,2,1,2,"true","true",512,4,1.55607518446307e-10
"18161",12,3,4,4,"true","false",64,1,1.740001615849e-10
"18794",8,2,4,2,"true","false",256,2,2.05412034834989e-10
"1949",2,2,4,2,"true","true",128,16,1.67956634734971e-09
"1095",3,3,1,4,"true","false",128,2,1.36120252443834e-10
"3527",4,2,8,4,"true","false",128,64,4.65944684789709e-09
"1305",4,2,1,2,"true","true",128,2,1.80832688533745e-10
"1880",3,3,1,4,"true","true",256,1,1.36263397941189e-10
"2298",4,1,4,2,"true","false",256,2,3.03101967896442e-10
"15091",18,6,4,2,"true","true",512,2,1.85091832668072e-10
"21625",4,2,2,2,"true","false",1024,16,1.7612042431899e-10
"22619",6,3,8,4,"true","true",256,16,6.44636395867141e-10
"6233",3,3,1,4,"true","true",32,16,1.57885911752503e-09
"8061",10,5,2,2,"true","false",128,2,1.44405719366328e-10
"17092",9,3,1,2,"true","false",256,2,1.98117109228222e-10
"8125",16,4,4,2,"true","true",128,2,1.57132972686489e-10
"58242",2,2,1,2,"true","true",512,4,1.55607518446307e-10
"58243",2,2,1,2,"true","true",512,4,1.55607518446307e-10
"4236",2,2,1,2,"true","true",256,4,1.55549103506316e-10
"16461",24,6,4,4,"true","true",256,32,3.4435879041683e-10
"8240",12,6,2,4,"true","false",128,1,1.3888601664803e-10
"51735",2,1,2,2,"true","true",128,2,2.69262520295719e-10
"18566",15,5,4,2,"true","false",128,1,1.90132660041698e-10
"23009",18,6,1,2,"true","true",256,16,2.43029056794164e-10
"19101",16,4,1,2,"true","false",1024,128,4.05734860355415e-10
"21184",24,6,4,2,"true","false",64,1,1.42216872824127e-10
"18546",6,6,8,2,"true","false",256,128,8.03153958769836e-09
"580",4,1,4,4,"true","true",512,16,3.15603372857795e-10
"12321",24,6,1,4,"true","false",128,2,1.41304849053931e-10
"19991",3,3,1,4,"true","false",512,2,1.35341152549115e-10
"9487",10,5,1,4,"true","true",64,32,1.41338186236735e-09
"58244",2,2,1,2,"true","true",512,4,1.55607518446307e-10
"197891",8,2,4,2,"true","true",256,2,2.05341983808708e-10
"1940",1,1,1,2,"true","true",128,16,7.12667336102102e-10
"6085",4,1,4,4,"true","false",512,4,3.03402819809477e-10
"9834",18,6,2,2,"true","true",512,32,2.89924206218778e-10
"17377",8,2,1,4,"true","true",128,2,2.06846386476532e-10
"3472",3,1,4,4,"true","true",128,32,1.6105754847407e-09
"4274",2,1,2,2,"true","true",512,4,2.65256360380244e-10
"8779",12,3,2,2,"true","false",1024,128,4.50692881900298e-10
"9239",6,2,16,2,"true","true",256,16,8.90659018169985e-10
"6071",3,1,4,2,"true","false",256,8,3.68599901039091e-10
"20393",12,3,2,2,"true","true",64,1,1.73348646629763e-10
"160801",2,1,2,4,"true","false",1024,16,2.50825972132783e-10
"205142",8,4,2,2,"true","false",128,1,1.44946489136578e-10
"204741",10,5,2,4,"true","false",1024,512,1.91114655962754e-09
"13752",6,6,1,2,"true","true",1024,2,1.16501321248061e-10
"10432",6,3,8,4,"true","false",32,16,3.99311454774063e-09
"15212",4,4,1,4,"true","false",512,8,1.25366521299284e-10
"45416",4,2,1,2,"true","false",256,2,1.79879678295205e-10
"7819",24,6,2,4,"true","false",64,1,1.41924380072479e-10
"13733",16,4,2,2,"true","true",256,4,1.58782935276874e-10
"10729",5,5,4,4,"true","false",512,64,1.35355983393365e-09
"14906",16,4,4,2,"true","false",512,64,3.76590291248218e-10
"15499",18,6,4,2,"true","true",128,4,1.85126994889401e-10
"2546",2,2,1,2,"true","false",512,256,1.95234560997693e-09
"20647",18,6,4,2,"true","true",512,16,1.93046822331176e-10
"9014",8,4,2,2,"true","false",256,16,2.29441377034785e-10
"20018",4,2,2,4,"true","true",1024,2,1.86773267036486e-10
"11403",12,3,8,4,"true","false",128,64,2.06028577633383e-09
"16379",15,5,1,2,"true","true",128,1,1.72122122319496e-10
"10733",1,1,1,4,"true","false",1024,512,2.73737520858231e-09
"92621",10,5,2,4,"true","true",512,4,1.40742193789431e-10
"8883",15,5,1,2,"true","false",128,4,1.74103823841959e-10
"475",2,1,1,4,"true","false",512,128,1.39820998151986e-09
"4387",3,3,4,4,"true","true",512,256,5.79876175019928e-09
"17027",20,5,2,4,"true","false",512,256,1.43470198311385e-09
"116182",2,1,2,2,"true","true",1024,8,2.50807208898201e-10
"21273",8,2,2,2,"true","true",512,256,1.66934631509031e-09
"9852",16,4,4,4,"true","true",32,4,3.6507765490558e-10
"76282",12,6,2,4,"true","true",512,4,1.34066482063271e-10
"1180",2,1,8,2,"true","true",512,128,3.38808135472649e-09
"11631",10,5,2,4,"true","false",64,1,1.42939805012916e-10
"19972",12,6,2,4,"true","true",64,2,1.37227036791841e-10
"18568",20,5,1,4,"true","false",1024,32,1.88945179486502e-10
"5404",1,1,1,4,"true","true",128,4,2.28008182032392e-10
"175991",8,2,4,2,"true","false",256,4,2.07214474054074e-10
"136681",20,5,1,4,"true","true",64,1,1.47379046541376e-10
"21315",8,2,4,4,"true","true",1024,16,2.54436132834948e-10
"19639",12,3,4,4,"true","false",256,4,1.75299019549582e-10
"1982",2,1,2,4,"true","false",128,2,2.71343093935345e-10
"13080",9,3,1,2,"true","true",512,4,1.98408414891747e-10
"20061",16,4,4,4,"true","false",128,4,1.60179906504997e-10
"6080",3,1,16,2,"true","false",512,32,1.259570381765e-09
"2000",2,2,1,2,"true","false",128,4,1.57236882512688e-10
"11743",8,2,4,4,"true","true",64,2,2.09406037938204e-10
"16752",15,5,4,2,"true","false",32,16,1.58026418978179e-09
"213621",18,6,4,2,"true","false",64,2,1.84551837435773e-10
"10499",15,5,4,4,"true","false",256,2,1.92100902929405e-10
"5544",4,4,8,4,"true","false",128,4,6.72563211301465e-10
"2468",2,1,1,2,"true","true",128,16,7.31911580985297e-10
"19307",20,5,2,4,"true","true",256,64,6.67973186737251e-10
"19054",16,4,4,4,"true","true",256,8,1.61071251605817e-10
"179301",5,5,1,2,"true","true",256,4,1.17379768662026e-10
"6930",12,3,1,2,"true","false",128,8,2.36857265552658e-10
"17179",6,2,4,4,"true","false",512,256,2.19573313523106e-09
"45417",4,2,1,2,"true","false",256,2,1.79879678295205e-10
"98431",6,6,1,2,"true","false",256,4,1.17149348789584e-10
"21563",6,3,2,2,"true","false",256,8,1.58601157583617e-10
"20587",18,6,4,4,"true","true",128,4,1.8432093278778e-10
"16380",10,5,1,2,"true","true",32,16,1.3568869025562e-09
"156151",16,4,4,2,"true","true",256,8,1.6040413531583e-10
"11359",12,3,4,2,"true","true",128,32,7.21857566334904e-10
"21292",5,5,4,4,"true","false",128,64,4.99534406923297e-09
"19075",24,6,4,2,"true","false",512,64,3.76684127266819e-10
"2273",3,3,16,4,"true","true",32,16,1.3081417267453e-08
"175992",8,2,4,2,"true","false",256,4,2.07214474054074e-10
"14658",6,6,1,2,"true","true",64,32,1.41722147300448e-09
"15103",8,2,1,4,"true","true",512,128,8.54622352786993e-10
"13849",12,3,1,4,"true","true",256,8,1.75905166802443e-10
"17161",16,4,4,4,"true","true",128,4,1.60201314486142e-10
"5526",2,2,1,2,"true","false",256,16,2.67188700168073e-10
"7922",4,2,1,2,"true","false",128,1,1.81710718902162e-10
"62393",3,3,1,4,"true","true",256,4,1.35697524537269e-10
"143051",20,5,4,4,"true","false",128,1,1.48754738201527e-10
"13897",12,4,8,2,"true","true",128,8,4.37797681769043e-10
"172741",24,6,4,2,"true","false",256,4,1.43064682433489e-10
"6669",6,6,4,4,"true","true",512,32,7.13534281093111e-10
"8744",6,3,16,4,"true","true",128,16,1.83949514394691e-09
"3223",4,2,2,4,"true","true",512,4,1.83700632485169e-10
"1422",1,1,1,2,"true","false",128,2,2.28205085687125e-10
"12982",3,3,1,2,"true","true",1024,128,4.82763610594565e-10
"14116",9,3,16,2,"true","true",128,16,1.29044899425793e-09
"18019",4,1,4,2,"true","false",1024,32,3.24274492774496e-10
"92622",10,5,2,4,"true","true",512,4,1.40742193789431e-10
"21101",12,3,8,4,"true","false",128,8,3.62460262874901e-10
"2215",2,2,1,2,"true","false",512,8,1.56732863494209e-10
"88632",4,2,2,2,"true","true",1024,8,1.74376790866456e-10
"5720",2,1,2,4,"true","true",256,2,2.69957280725162e-10
"76283",12,6,2,4,"true","true",512,4,1.34066482063271e-10
"1960",2,1,8,4,"true","true",512,32,1.0451377647534e-09
"20029",6,3,2,2,"true","false",512,16,1.58400381014642e-10
"7968",12,6,4,2,"true","false",128,8,3.63111559645526e-10
"16648",4,1,16,2,"true","true",1024,128,1.68619535489681e-09
"138491",12,3,1,4,"true","true",256,8,1.75905166802443e-10
"13122",1,1,1,4,"true","false",1024,128,7.37545915652148e-10
"8018",12,3,2,2,"true","true",512,16,1.79753916890354e-10
"8864",6,3,2,4,"true","true",1024,16,1.5338156155465e-10
"3022",2,2,1,2,"true","true",128,2,1.56879662240458e-10
"5116",4,1,4,2,"true","true",128,4,3.09425876729808e-10
"8760",10,5,8,4,"true","true",128,8,5.65190050239439e-10
"11945",20,5,2,2,"true","false",32,8,6.30098376064748e-10
"13545",12,3,2,4,"true","false",32,16,1.38579263832248e-09
"2430",4,1,1,4,"true","true",512,32,3.8880976837292e-10
"77682",6,3,2,2,"true","false",128,4,1.5817793699039e-10
"45884",2,2,1,2,"true","false",128,2,1.5624413559592e-10
"16881",3,3,1,2,"true","true",1024,2,1.39222329183687e-10
"13131",15,5,1,4,"true","true",512,8,1.77878450011805e-10
"20984",10,5,2,4,"true","true",512,64,4.09780336163196e-10
"3010",4,2,1,2,"true","true",512,128,9.77636406715394e-10
"3246",4,4,1,4,"true","false",128,2,1.25109511762482e-10
"11398",6,2,2,4,"true","true",128,8,3.82661850147177e-10
"150911",18,6,4,2,"true","true",512,2,1.85091832668072e-10
"4000",4,2,2,2,"true","true",256,2,1.82495430741438e-10
"19198",12,3,4,2,"true","false",256,4,1.74684970353342e-10
"19821",2,1,2,4,"true","false",128,2,2.71343093935345e-10
"20411",12,4,4,4,"true","false",1024,32,2.46808386177878e-10
"81251",16,4,4,2,"true","true",128,2,1.57132972686489e-10
"169742",12,3,1,4,"true","true",128,2,1.72925900783062e-10
"54353",4,1,4,2,"true","true",128,1,3.00554927648439e-10
"9388",8,2,2,2,"true","true",256,2,2.05429010090939e-10
"15699",12,3,1,4,"true","false",128,64,1.39054643212042e-09
"46841",4,2,1,2,"true","false",256,8,1.81182095810127e-10
"187941",8,2,4,2,"true","false",256,2,2.05412034834989e-10
"175993",8,2,4,2,"true","false",256,4,2.07214474054074e-10
"14244",18,6,1,2,"true","false",512,128,8.19388918118889e-10
"22488",20,5,1,4,"true","true",128,16,3.42684865754289e-10
"42131",3,3,1,4,"true","false",512,4,1.35429549481083e-10
"4039",4,1,1,2,"true","false",512,64,6.51378072977579e-10
"207061",5,5,8,2,"true","false",512,128,4.10757110180724e-09
"203931",12,3,2,2,"true","true",64,1,1.73348646629763e-10
"169743",12,3,1,4,"true","true",128,2,1.72925900783062e-10
"16429",6,3,1,2,"true","true",1024,4,1.57596472343103e-10
"30344",2,2,1,2,"true","false",512,4,1.55269439447837e-10
"20742",6,3,1,2,"true","false",256,32,4.38133577595023e-10
"21329",18,6,1,2,"true","false",256,8,1.65248551277817e-10
"18343",18,6,8,2,"true","false",128,8,4.01154589481592e-10
"20556",8,4,1,4,"true","true",512,128,8.06897776042213e-10
"15512",4,4,1,4,"true","true",256,2,1.24879203669815e-10
"10118",5,5,16,2,"true","true",128,32,6.15428755652082e-09
"22802",8,4,8,2,"true","false",128,16,1.02814764772599e-09
"2451",4,2,16,2,"true","false",32,16,7.60830848088803e-09
"14713",24,6,1,4,"true","false",256,8,1.44483256505832e-10
"8113",10,5,2,2,"true","false",512,4,1.42308824451469e-10
"19891",16,4,4,4,"true","false",128,2,1.57306422896745e-10
"13346",2,1,8,4,"true","false",1024,64,1.10528347300322e-09
"219931",20,5,4,4,"true","true",128,1,1.48373401207609e-10
"17801",8,4,2,2,"true","false",128,32,7.52430252472314e-10
"4058",2,2,8,4,"true","true",128,8,1.39016405747398e-09
"19555",15,5,1,2,"true","true",256,64,7.65977667999502e-10
"21667",10,5,8,4,"true","false",128,8,5.67112271886936e-10
"196961",9,3,4,4,"true","true",64,2,2.26429654944439e-10
"8646",12,3,8,2,"true","false",128,8,3.55897950912232e-10
"3125",4,2,2,2,"true","false",256,2,1.83141440280252e-10
"20858",15,5,4,2,"true","false",64,2,1.92949226086257e-10
"92791",24,6,4,4,"true","true",128,1,1.42986124513889e-10
"64182",5,5,1,2,"true","false",128,2,1.18427245214453e-10
"45885",2,2,1,2,"true","false",128,2,1.5624413559592e-10
"21737",1,1,1,4,"true","false",1024,32,2.44387901670562e-10
"16260",6,2,16,2,"true","true",32,16,5.10762837488857e-09
"160802",2,1,2,4,"true","false",1024,16,2.50825972132783e-10
"160803",2,1,2,4,"true","false",1024,16,2.50825972132783e-10
"1958",1,1,1,2,"true","true",128,64,2.67389054770584e-09
"16879",5,5,1,4,"true","false",512,8,1.22080038327934e-10
"13971",12,6,16,4,"true","false",128,16,1.63872119667959e-09
"219932",20,5,4,4,"true","true",128,1,1.48373401207609e-10
"83081",18,6,4,2,"true","false",256,1,1.82091761630176e-10
"16969",6,6,1,4,"true","false",128,4,1.20370127713727e-10
"7510",16,4,1,2,"true","false",512,8,1.64567535270514e-10
"14359",12,6,2,2,"true","true",64,2,1.37438647006306e-10
"205143",8,4,2,2,"true","false",128,1,1.44946489136578e-10
"21373",6,3,1,4,"true","false",128,2,1.59611370041288e-10
"20679",6,3,2,2,"true","false",128,2,1.58333256590852e-10
"17498",10,5,1,2,"true","false",128,8,2.21523438383569e-10
"20471",20,5,8,2,"true","true",128,8,3.13010043250635e-10
"13051",4,2,1,2,"true","true",128,2,1.80832688533745e-10
"17308",18,6,1,2,"true","true",128,4,1.66592205877823e-10
"58245",2,2,1,2,"true","true",512,4,1.55607518446307e-10
"10545",8,4,4,4,"true","true",512,256,2.80512775239426e-09
"11555",5,5,8,4,"true","true",128,4,6.1841271341663e-10
"204133",15,5,1,4,"true","false",128,4,1.73683539970295e-10
"12960",5,5,1,4,"true","true",128,2,1.2260596387318e-10
"84222",8,2,4,4,"true","false",512,4,2.07668615016469e-10
"8447",15,5,1,2,"true","true",1024,32,1.96125488512639e-10
"11418",10,5,1,4,"true","false",256,16,2.22787672484101e-10
"9114",18,6,2,4,"true","false",256,8,1.87142839069785e-10
"177541",5,5,1,2,"true","true",1024,32,1.25947020865076e-10
"8067",10,5,8,4,"true","true",128,32,1.8593171671838e-09
"2167",2,2,8,2,"true","false",256,64,4.69638029862599e-09
"12647",12,4,4,4,"true","false",256,16,2.99707145106594e-10
"4148",4,1,4,4,"true","false",64,2,3.08665477721099e-10
"8460",6,2,8,2,"true","false",64,2,3.81138988863739e-10
"2972",2,2,4,2,"true","false",128,32,3.20155802649511e-09
"36051",2,1,16,4,"true","true",512,64,2.89735629240528e-09
"176391",8,2,2,2,"true","false",128,1,2.04811532627718e-10
"2927",1,1,1,4,"true","false",128,32,1.36311702735497e-09
"13565",6,3,2,2,"true","true",1024,32,1.59987724589747e-10
"12677",6,6,1,2,"true","true",512,16,1.20561345004917e-10
"39161",4,1,4,2,"true","false",64,1,3.01655269263187e-10
"4958",4,2,2,4,"true","true",128,4,1.86105835706297e-10
"15390",3,1,8,2,"true","true",1024,512,4.60941578435411e-09
"76284",12,6,2,4,"true","true",512,4,1.34066482063271e-10
"30221",2,2,1,2,"true","true",128,2,1.56879662240458e-10
"2664",4,1,8,4,"true","true",128,16,9.77323349918783e-10
"169744",12,3,1,4,"true","true",128,2,1.72925900783062e-10
"63851",4,1,4,4,"true","false",128,1,3.00631855275054e-10
"45418",4,2,1,2,"true","false",256,2,1.79879678295205e-10
"2342",3,3,1,2,"true","true",512,16,1.37369946739904e-10
"8888",3,3,1,4,"true","true",1024,8,1.37668844036886e-10
"21087",6,6,1,2,"true","true",512,256,1.68417934276217e-09
"17400",18,6,2,2,"true","false",128,16,4.55939476720997e-10
"143591",12,6,2,2,"true","true",64,2,1.37438647006306e-10
"100802",12,6,2,4,"true","true",256,2,1.35761365941573e-10
"1096",3,3,1,4,"true","false",128,2,1.36120252443834e-10
"98432",6,6,1,2,"true","false",256,4,1.17149348789584e-10
"5827",4,4,1,4,"true","true",128,2,1.2616196070333e-10
"92623",10,5,2,4,"true","true",512,4,1.40742193789431e-10
"126471",12,4,4,4,"true","false",256,16,2.99707145106594e-10
"18612",12,3,1,4,"true","true",256,16,2.35832130438284e-10
"9578",12,3,8,4,"true","true",1024,128,7.0411131352826e-10
"220982",5,5,1,2,"true","false",512,4,1.17865496298058e-10
"3509",4,4,16,2,"true","true",128,32,6.30966100899677e-09
"21368",12,3,4,4,"true","true",256,8,1.7904838533903e-10
"169745",12,3,1,4,"true","true",128,2,1.72925900783062e-10
"7983",18,6,16,4,"true","false",128,32,2.16560815904195e-09
"12636",16,4,4,4,"true","false",512,16,1.65567852967829e-10
"58246",2,2,1,2,"true","true",512,4,1.55607518446307e-10
"137521",6,6,1,2,"true","true",1024,2,1.16501321248061e-10
"19915",6,3,1,2,"true","true",128,8,2.4969090271529e-10
"9354",6,6,8,2,"true","false",256,64,3.9518826225349e-09
"183713",8,4,2,2,"true","true",1024,16,1.43169217579077e-10
"9785",6,3,1,2,"true","false",1024,8,1.55385040302911e-10
"715",3,1,1,4,"true","true",512,128,1.43347139039214e-09
"83082",18,6,4,2,"true","false",256,1,1.82091761630176e-10
"1737",3,3,1,2,"true","false",256,8,1.38288211503708e-10
"15127",2,1,2,2,"true","true",1024,2,2.66377166002735e-10
"15442",6,3,2,4,"true","false",1024,8,1.52941185243508e-10
"10825",5,5,16,2,"true","false",128,32,6.13943074181786e-09
"14077",5,5,1,4,"true","false",256,32,3.67323118386914e-10
"14982",20,5,8,2,"true","false",128,16,5.2516438958054e-10
"12450",5,5,1,2,"true","true",512,4,1.180929223999e-10
"116183",2,1,2,2,"true","true",1024,8,2.50807208898201e-10
"116184",2,1,2,2,"true","true",1024,8,2.50807208898201e-10
"16344",8,2,4,4,"true","true",512,256,1.66046000521334e-09
"58247",2,2,1,2,"true","true",512,4,1.55607518446307e-10
"13173",8,2,8,2,"true","false",1024,256,1.36540672658763e-09
"2429",4,1,4,4,"true","true",512,4,3.04319992384667e-10
"162791",20,5,1,4,"true","true",128,2,1.48145545150799e-10
"15213",4,4,1,4,"true","false",512,8,1.25366521299284e-10
"13042",8,2,1,2,"true","false",512,64,4.61214049654265e-10
"8830",6,6,1,4,"true","true",512,8,1.18144018844621e-10
"16190",16,4,4,4,"true","true",512,64,3.80163524868975e-10
"57931",4,4,1,4,"true","true",512,2,1.23999015246297e-10
"15214",4,4,1,4,"true","false",512,8,1.25366521299284e-10
"42741",2,1,2,2,"true","true",512,4,2.65256360380244e-10
"15808",10,5,2,4,"true","true",128,8,2.18756596313817e-10
"15451",6,3,2,4,"true","false",1024,32,1.59839923698735e-10
"15769",15,5,4,2,"true","false",256,8,1.93394070171841e-10
"10853",8,2,2,2,"true","true",256,4,2.05760005667344e-10
"64183",5,5,1,2,"true","false",128,2,1.18427245214453e-10
"179302",5,5,1,2,"true","true",256,4,1.17379768662026e-10
"197892",8,2,4,2,"true","true",256,2,2.05341983808708e-10
"30345",2,2,1,2,"true","false",512,4,1.55269439447837e-10
"120721",9,3,4,2,"true","true",512,4,2.21249790164854e-10
"17822",15,5,4,4,"true","false",128,16,4.69947413166719e-10
"176392",8,2,2,2,"true","false",128,1,2.04811532627718e-10
"6820",24,6,2,2,"true","true",1024,256,8.61495271334308e-10
"11933",5,5,2,4,"true","true",512,128,1.56251176523972e-09
"21487",9,3,1,4,"true","false",128,4,2.01134829123216e-10
"14642",24,6,4,2,"true","true",1024,16,1.79492608936698e-10
"20566",3,3,4,4,"true","true",1024,256,3.2006144163861e-09
"164411",6,3,2,4,"true","false",1024,16,1.52554038682594e-10
"6841",15,5,1,4,"true","false",512,32,2.55375453504225e-10
"57932",4,4,1,4,"true","true",512,2,1.23999015246297e-10
"176393",8,2,2,2,"true","false",128,1,2.04811532627718e-10
"200291",6,3,2,2,"true","false",512,16,1.58400381014642e-10
"9567",4,1,2,4,"true","false",1024,128,6.55578286677927e-10
"45419",4,2,1,2,"true","false",256,2,1.79879678295205e-10
"51736",2,1,2,2,"true","true",128,2,2.69262520295719e-10
"15337",12,3,2,4,"true","true",512,8,1.78198489556502e-10
"12001",24,6,1,4,"true","true",64,1,1.42689184544634e-10
"203932",12,3,2,2,"true","true",64,1,1.73348646629763e-10
"163801",10,5,1,2,"true","true",32,16,1.3568869025562e-09
"70553",16,4,1,2,"true","true",128,1,1.57236511160692e-10
"213291",18,6,1,2,"true","false",256,8,1.65248551277817e-10
"16984",15,5,4,4,"true","false",128,32,8.39982352860345e-10
"129281",8,4,4,4,"true","false",32,16,2.46792024649744e-09
"15056",12,3,4,4,"true","true",256,4,1.74857777962429e-10
"196391",12,3,4,4,"true","false",256,4,1.75299019549582e-10
"6463",6,2,2,4,"true","true",128,32,1.12127280051043e-09
"3438",4,1,4,2,"true","true",512,2,3.12002142863128e-10
"21037",2,1,1,4,"true","false",1024,32,2.5254475930384e-10
"126472",12,4,4,4,"true","false",256,16,2.99707145106594e-10
"8219",16,4,4,2,"true","false",1024,16,1.97879949557279e-10
"176394",8,2,2,2,"true","false",128,1,2.04811532627718e-10
"5449",3,1,1,4,"true","true",256,64,1.43312907546366e-09
"22981",4,1,4,2,"true","false",256,2,3.03101967896442e-10
"20653",6,6,4,2,"true","true",512,256,5.69629999727361e-09
"203933",12,3,2,2,"true","true",64,1,1.73348646629763e-10
"20548",12,4,1,2,"true","true",512,64,4.49984879747795e-10
"1645",4,1,4,2,"true","true",64,1,3.0391174713387e-10
"3552",4,4,1,2,"true","false",128,32,7.34972431537709e-10
"18874",12,3,4,4,"true","false",128,4,1.76181389583705e-10
"214871",9,3,1,4,"true","false",128,4,2.01134829123216e-10
"9560",18,6,16,4,"true","true",256,64,2.43509955386668e-09
"7181",8,2,2,2,"true","false",512,4,2.08553688526151e-10
"10597",6,2,1,4,"true","true",128,32,9.92541347218704e-10
"15264",9,3,1,2,"true","false",64,2,2.02969195283367e-10
"22043",5,5,8,4,"true","true",512,128,4.12906254961935e-09
"5579",3,1,4,4,"true","true",512,32,5.37704406560431e-10
"14199",12,6,2,4,"true","false",512,32,2.26268305156584e-10
"22860",8,4,2,2,"true","false",1024,2,1.54276152031316e-10
"4751",2,2,8,2,"true","true",256,128,9.2643865212774e-09
"3585",3,1,2,4,"true","true",512,32,5.3994301426644e-10
"20360",10,5,4,4,"true","true",256,128,2.65116751643185e-09
"14232",5,5,1,4,"true","true",128,8,1.97795430247549e-10
"18424",8,2,1,2,"true","false",128,4,2.07674966530537e-10
"3580",3,3,1,4,"true","true",256,64,8.21027228218192e-10
"13158",9,3,2,2,"true","false",128,16,5.33608452799361e-10
"164412",6,3,2,4,"true","false",1024,16,1.52554038682594e-10
"14192",20,5,4,2,"true","true",512,32,2.13888336184871e-10
"147131",24,6,1,4,"true","false",256,8,1.44483256505832e-10
"12541",9,3,4,4,"true","true",1024,32,2.62927233328019e-10
"20235",12,3,2,2,"true","true",1024,16,2.1500458513093e-10
"21860",18,6,1,2,"true","false",512,16,1.70492716881805e-10
"19762",10,5,2,4,"true","true",128,2,1.42872931830165e-10
"45886",2,2,1,2,"true","false",128,2,1.5624413559592e-10
"17637",2,1,2,2,"true","true",1024,4,2.52261514173031e-10
"88831",15,5,1,2,"true","false",128,4,1.74103823841959e-10
"16826",9,3,4,4,"true","true",64,4,3.28203454828047e-10
"45887",2,2,1,2,"true","false",128,2,1.5624413559592e-10
"3907",2,2,1,2,"true","false",128,32,9.37511040162832e-10
"19030",24,6,4,4,"true","false",64,16,6.18970555168199e-10
"137522",6,6,1,2,"true","true",1024,2,1.16501321248061e-10
"17896",8,4,1,4,"true","true",512,32,2.35788944987477e-10
"22913",8,2,4,2,"true","true",512,16,2.13512758750521e-10
"164413",6,3,2,4,"true","false",1024,16,1.52554038682594e-10
"20517",12,3,4,4,"true","false",256,2,1.75531977704642e-10
"4489",4,2,1,2,"true","false",256,64,9.69402737119344e-10
"21820",15,5,4,2,"true","true",256,1,1.91950042972063e-10
"58248",2,2,1,2,"true","true",512,4,1.55607518446307e-10
"179303",5,5,1,2,"true","true",256,4,1.17379768662026e-10
"3588",2,2,1,4,"true","false",256,32,4.94321788535176e-10
"9550",20,5,8,4,"true","true",128,32,9.69169349626275e-10
"4853",4,4,4,4,"true","true",256,32,1.33538735692589e-09
"4145",2,2,1,2,"true","true",512,2,1.55670767533719e-10
"39162",4,1,4,2,"true","false",64,1,3.01655269263187e-10
"17911",8,4,2,4,"true","true",128,4,1.56078536713531e-10
"17205",4,4,2,2,"true","false",1024,256,1.69999891905039e-09
"9645",10,5,2,4,"true","false",512,8,1.42766824709234e-10
"45888",2,2,1,2,"true","false",128,2,1.5624413559592e-10
"77683",6,3,2,2,"true","false",128,4,1.5817793699039e-10
"9526",2,1,2,4,"true","true",1024,8,2.498764907697e-10
"57933",4,4,1,4,"true","true",512,2,1.23999015246297e-10
"21077",24,6,8,4,"true","false",32,16,1.72658088794146e-09
"46842",4,2,1,2,"true","false",256,8,1.81182095810127e-10
"4813",2,1,8,2,"true","false",512,16,6.86483425057645e-10
"22215",6,6,8,4,"true","false",128,8,1.0060849964075e-09
"10231",6,3,1,2,"true","true",128,2,1.5987637532151e-10
"3049",2,1,4,2,"true","false",128,8,7.20678223877788e-10
"3121",3,1,8,4,"true","false",128,8,7.90788466762163e-10
"30346",2,2,1,2,"true","false",512,4,1.55269439447837e-10
"63852",4,1,4,4,"true","false",128,1,3.00631855275054e-10
"9960",12,3,2,2,"true","true",512,32,2.40407223173445e-10
"12583",12,4,1,4,"true","false",512,2,1.84028769745764e-10
"45889",2,2,1,2,"true","false",128,2,1.5624413559592e-10
"14996",15,5,4,4,"true","true",128,4,1.93464719810653e-10
"1515",2,1,1,2,"true","false",128,16,7.35850624014716e-10
"22301",24,6,1,2,"true","false",128,16,3.30533971217806e-10
"1356",4,4,16,2,"true","false",512,128,7.43092069176993e-09
"40001",4,2,2,2,"true","true",256,2,1.82495430741438e-10
"64184",5,5,1,2,"true","false",128,2,1.18427245214453e-10
"16041",6,6,1,4,"true","false",1024,4,1.18096841715479e-10
"8319",6,6,4,2,"true","true",512,16,4.04791246129652e-10
"197893",8,2,4,2,"true","true",256,2,2.05341983808708e-10
"21662",12,4,4,2,"true","false",512,16,2.10407414970212e-10
"18301",4,2,1,4,"true","true",1024,2,1.90348048990905e-10
"19491",24,6,4,4,"true","true",512,64,3.72572986503589e-10
"81252",16,4,4,2,"true","true",128,2,1.57132972686489e-10
"6823",6,6,1,4,"true","true",128,64,1.44456370943453e-09
"169746",12,3,1,4,"true","true",128,2,1.72925900783062e-10
"58249",2,2,1,2,"true","true",512,4,1.55607518446307e-10
"60831",4,2,1,2,"true","true",256,4,1.80536216891147e-10
"15121",9,3,1,4,"true","true",256,8,1.99785055478382e-10
"458810",2,2,1,2,"true","false",128,2,1.5624413559592e-10
"1823",2,1,8,4,"true","true",512,64,1.8049214374139e-09
"9180",10,5,2,4,"true","false",256,2,1.41321341327822e-10
"3205",2,1,8,4,"true","false",512,16,6.99444170023858e-10
"20236",24,6,4,4,"true","false",128,64,1.28469037126322e-09
"19078",12,6,8,4,"true","false",256,8,3.59976676429676e-10
"64185",5,5,1,2,"true","false",128,2,1.18427245214453e-10
"22982",4,1,4,2,"true","false",256,2,3.03101967896442e-10
"179304",5,5,1,2,"true","true",256,4,1.17379768662026e-10
"22756",20,5,2,2,"true","false",1024,256,7.95156351742134e-10
"187942",8,2,4,2,"true","false",256,2,2.05412034834989e-10
"1332",2,2,1,4,"true","false",128,4,1.60938879230319e-10
"210371",2,1,1,4,"true","false",1024,32,2.5254475930384e-10
"4207",4,1,1,2,"true","false",512,128,1.20738411154705e-09
"20183",20,5,4,2,"true","false",256,2,1.49367163061713e-10
"113471",10,5,1,2,"true","true",128,4,1.43724384012191e-10
"5202",4,1,4,2,"true","false",128,2,3.05147776916165e-10
"8212",18,6,2,4,"true","false",128,16,4.52893943275334e-10
"11286",8,2,1,4,"true","false",256,128,1.62440534379406e-09
"4113",1,1,1,4,"true","false",256,2,2.29091058639098e-10
"3935",1,1,1,2,"true","true",256,2,2.28575556869947e-10
"13836",6,6,1,4,"true","true",1024,256,8.92110112760423e-10
"16172",18,6,4,2,"true","true",1024,512,2.26514317125682e-09
"22861",5,5,1,4,"true","false",128,4,1.22895935866513e-10
"88301",6,6,1,4,"true","true",512,8,1.18144018844621e-10
"205871",18,6,4,4,"true","true",128,4,1.8432093278778e-10
"197863",24,6,2,4,"true","true",128,2,1.41639115932257e-10
"6476",8,2,2,2,"true","false",32,8,8.43176923742163e-10
"143362",6,3,2,4,"true","true",128,2,1.59310753058631e-10
"12035",20,5,4,4,"true","false",256,16,2.10852762448912e-10
"1723",4,1,4,2,"true","false",512,32,3.91761638804216e-10
"5847",4,4,1,2,"true","true",256,8,1.28367573488695e-10
"12687",6,3,2,2,"true","false",512,2,1.62118673872811e-10
"15813",6,3,1,2,"true","true",256,16,2.50037019647864e-10
"17489",16,4,4,4,"true","true",128,16,3.61129409132837e-10
"4816",2,1,4,2,"true","true",512,128,2.35661717268145e-09
"3362",3,3,1,2,"true","false",128,8,2.25828920933842e-10
"1424",1,1,1,4,"true","true",128,2,2.27662794075525e-10
"22151",2,2,1,2,"true","false",512,8,1.56732863494209e-10
"9042",8,4,16,2,"true","true",128,64,6.61164011695026e-09
"15790",6,6,8,2,"true","true",128,8,1.00081068871059e-09
"19644",6,6,8,2,"true","true",512,128,4.23039591557268e-09
"18446",15,5,1,4,"true","true",512,2,1.72808948603098e-10
"10806",8,2,1,4,"true","true",1024,256,9.12535339984893e-10
"14760",12,6,1,2,"true","true",128,64,1.44616212644502e-09
"15387",9,3,1,2,"true","true",1024,128,5.52175124949174e-10
"12569",10,5,2,4,"true","false",128,1,1.42279592117531e-10
"4105",3,3,8,4,"true","false",512,128,4.43131523880755e-09
"63853",4,1,4,4,"true","false",128,1,3.00631855275054e-10
"91801",10,5,2,4,"true","false",256,2,1.41321341327822e-10
"9746",4,2,2,4,"true","true",1024,32,1.7554765736145e-10
"126551",2,1,2,2,"true","false",1024,8,2.50111116142312e-10
"15638",12,3,2,4,"true","false",128,32,7.23123875486597e-10
"3437",3,3,4,2,"true","false",512,32,8.13885483479672e-10
"58271",4,4,1,4,"true","true",128,2,1.2616196070333e-10
"92624",10,5,2,4,"true","true",512,4,1.40742193789431e-10
"161922",9,3,4,2,"true","true",256,8,2.23786994406016e-10
"19222",6,3,2,4,"true","true",128,32,8.18033593920207e-10
"179305",5,5,1,2,"true","true",256,4,1.17379768662026e-10
"190751",24,6,4,2,"true","false",512,64,3.76684127266819e-10
"172742",24,6,4,2,"true","false",256,4,1.43064682433489e-10
"11051",2,1,8,4,"true","true",1024,256,3.51632279000607e-09
"8116",15,5,4,2,"true","true",512,2,1.93553359064149e-10
"12630",12,6,2,2,"true","true",128,4,1.36248697593805e-10
"203622",5,5,1,2,"true","true",256,1,1.18611767942795e-10
"9515",8,2,4,4,"true","false",1024,16,2.52438958856073e-10
"7586",8,2,8,4,"true","true",128,32,1.25245170827225e-09
"199242",12,3,4,2,"true","false",64,1,1.73350952378822e-10
"21445",5,5,8,2,"true","true",512,64,2.04930219127681e-09
"13052",4,2,1,2,"true","true",128,2,1.80832688533745e-10
"46201",4,4,1,4,"true","false",128,4,1.26761029509907e-10
"16920",9,3,4,2,"true","true",128,4,2.24677870923197e-10
"30347",2,2,1,2,"true","false",512,4,1.55269439447837e-10
"172743",24,6,4,2,"true","false",256,4,1.43064682433489e-10
"16872",12,6,1,2,"true","true",128,8,2.13351125354791e-10
"19601",2,1,8,4,"true","true",512,32,1.0451377647534e-09
"16034",8,4,4,4,"true","true",1024,256,1.56970425782005e-09
"13744",6,2,8,2,"true","true",128,8,5.53238660040255e-10
"19494",6,6,1,2,"true","false",1024,8,1.17642516833282e-10
"23002",5,5,1,4,"true","false",1024,2,1.25193376721125e-10
"10785",18,6,4,4,"true","false",256,128,1.77218171072748e-09
"6829",4,4,1,4,"true","false",1024,4,1.25778542785017e-10
"16970",4,4,1,4,"true","false",1024,2,1.28981619240584e-10
"198911",16,4,4,4,"true","false",128,2,1.57306422896745e-10
"19747",5,5,4,4,"true","true",1024,256,3.06463518555984e-09
"2483",3,3,1,2,"true","true",128,32,7.99032686191327e-10
"130851",12,6,2,4,"true","true",256,4,1.35662211876773e-10
"20703",12,4,4,4,"true","true",256,8,2.085301812939e-10
"608",4,1,4,4,"true","true",256,2,3.04268318415916e-10
"19611",20,5,2,2,"true","false",128,2,1.48340423840579e-10
"3827",4,4,1,2,"true","true",256,4,1.27103827056844e-10
"14208",6,2,1,2,"true","true",512,32,3.30364115014744e-10
"16554",18,6,1,2,"true","false",128,4,1.65429406567257e-10
"117741",16,4,1,4,"true","true",64,1,1.56614620329246e-10
"9259",12,3,1,2,"true","true",128,64,1.38994192621042e-09
"5138",4,4,1,4,"true","true",128,32,7.34606606864592e-10
"22884",15,5,1,2,"true","true",256,8,1.72926804565186e-10
"197864",24,6,2,4,"true","true",128,2,1.41639115932257e-10
"195551",15,5,1,2,"true","true",256,64,7.65977667999502e-10
"582410",2,2,1,2,"true","true",512,4,1.55607518446307e-10
"21208",6,3,8,4,"true","false",512,256,4.45137964417669e-09
"8564",8,2,1,2,"true","true",1024,32,2.58954711593992e-10
"7254",2,1,8,4,"true","false",1024,256,3.51926978188848e-09
"14027",12,6,1,2,"true","true",1024,128,4.54825859020426e-10
"32051",2,1,8,4,"true","false",512,16,6.99444170023858e-10
"172112",9,3,4,2,"true","false",256,2,2.21233294076482e-10
"51737",2,1,2,2,"true","true",128,2,2.69262520295719e-10
"17231",4,1,4,2,"true","false",512,32,3.91761638804216e-10
"172113",9,3,4,2,"true","false",256,2,2.21233294076482e-10
"10977",3,3,16,2,"true","true",1024,512,1.7593014537954e-08
"458811",2,2,1,2,"true","false",128,2,1.5624413559592e-10
"17798",18,6,1,2,"true","true",256,128,1.52831340840547e-09
"170921",9,3,1,2,"true","false",256,2,1.98117109228222e-10
"18458",9,3,1,2,"true","true",128,32,8.48205892086334e-10
"206791",6,3,2,2,"true","false",128,2,1.58333256590852e-10
"3882",3,3,1,2,"true","false",256,32,4.21577506392809e-10
"11573",12,6,8,2,"true","true",256,16,5.56830405336729e-10
"17623",8,2,2,2,"true","true",512,4,2.07448119990663e-10
"51738",2,1,2,2,"true","true",128,2,2.69262520295719e-10
"18109",8,4,4,4,"true","true",1024,128,7.75820107203697e-10
"54354",4,1,4,2,"true","true",128,1,3.00554927648439e-10
"21130",12,6,2,2,"true","true",512,8,1.34502841297936e-10
"191981",12,3,4,2,"true","false",256,4,1.74684970353342e-10
"16936",9,3,1,4,"true","true",256,2,1.98248895696251e-10
"12938",16,4,1,2,"true","true",128,2,1.57444621795275e-10
"6033",4,4,2,2,"true","false",512,64,7.98876769833396e-10
"219933",20,5,4,4,"true","true",128,1,1.48373401207609e-10
"176395",8,2,2,2,"true","false",128,1,2.04811532627718e-10
"172114",9,3,4,2,"true","false",256,2,2.21233294076482e-10
"13699",6,6,4,2,"true","true",32,16,4.41721751351988e-09
"5270",2,2,1,2,"true","true",128,32,9.41055419953916e-10
"3616",4,2,8,4,"true","false",512,128,2.44485176520516e-09
"21404",24,6,2,2,"true","false",1024,32,1.98614760289479e-10
"11563",6,2,4,4,"true","false",128,8,3.79445809510795e-10
"8196",8,4,2,4,"true","false",512,128,8.05250842431323e-10
"4270",2,2,8,4,"true","false",512,256,9.64220516485799e-09
"4602",1,1,1,2,"true","true",256,8,2.29302805194727e-10
"9404",2,1,2,4,"true","true",1024,32,2.5230987580881e-10
"183714",8,4,2,2,"true","true",1024,16,1.43169217579077e-10
"8244",6,3,2,4,"true","true",128,64,1.58307898747919e-09
"15020",10,5,1,4,"true","false",512,256,1.61276302540534e-09
"14423",6,6,1,4,"true","false",128,16,3.51808115363844e-10
"22345",12,3,4,4,"true","true",128,32,7.24137898008963e-10
"149961",15,5,4,4,"true","true",128,4,1.93464719810653e-10
"11830",12,4,1,2,"true","true",512,4,1.81147066465203e-10
"165641",18,6,1,4,"true","false",128,1,1.63005055713304e-10
"9269",12,3,2,2,"true","false",128,4,1.75962638108026e-10
"17362",15,5,2,4,"true","true",512,32,2.93858324776508e-10
"848",2,1,2,4,"true","true",128,8,4.14585354521574e-10
"1749",2,1,8,2,"true","false",512,128,3.37841925377901e-09
"161923",9,3,4,2,"true","true",256,8,2.23786994406016e-10
"168791",5,5,1,4,"true","false",512,8,1.22080038327934e-10
"94041",2,1,2,4,"true","true",1024,32,2.5230987580881e-10
"6339",3,3,4,2,"true","true",128,32,2.74337158751753e-09
"16637",10,5,1,4,"true","true",512,16,1.4760907696458e-10
"40002",4,2,2,2,"true","true",256,2,1.82495430741438e-10
"91651",8,2,1,4,"true","true",128,1,2.04604553028003e-10
"203934",12,3,2,2,"true","true",64,1,1.73348646629763e-10
"10748",8,2,1,2,"true","false",64,4,2.76333012574741e-10
"6857",8,2,4,2,"true","false",1024,32,2.56471222248998e-10
"21783",12,3,4,2,"true","true",64,1,1.73564729671051e-10
"20450",4,4,1,4,"true","true",1024,8,1.24992786636709e-10
"12596",4,2,2,2,"true","false",1024,512,2.01898772890879e-09
"11894",16,4,4,4,"true","true",256,2,1.59208836032675e-10
"15951",6,2,16,4,"true","false",32,16,5.11295240669775e-09
"10360",4,2,16,2,"true","true",1024,512,8.86442316552989e-09
"7804",24,6,4,4,"true","false",1024,64,2.56103132289564e-10
"10730",10,5,2,4,"true","false",1024,128,4.53465998982403e-10
"13453",24,6,4,2,"true","true",512,8,1.50673562967193e-10
"10704",8,2,1,4,"true","false",128,1,2.04953436330237e-10
"522",2,1,4,4,"true","true",128,16,1.25239517946332e-09
"93881",8,2,2,2,"true","true",256,2,2.05429010090939e-10
"7930",10,5,8,4,"true","true",32,16,3.48139136987257e-09
"164414",6,3,2,4,"true","false",1024,16,1.52554038682594e-10
"21514",5,5,1,4,"true","false",1024,32,1.28201182372607e-10
"98433",6,6,1,2,"true","false",256,4,1.17149348789584e-10
"458812",2,2,1,2,"true","false",128,2,1.5624413559592e-10
"7463",6,2,4,4,"true","true",1024,512,2.39405501157572e-09
"909",4,1,1,4,"true","true",128,32,1.20982205522739e-09
"2094",2,2,8,4,"true","false",256,128,9.27753222103691e-09
"14777",16,4,2,4,"true","true",64,4,2.17894928718049e-10
"12542",5,5,1,4,"true","true",512,8,1.22633247365792e-10
"10672",6,2,4,4,"true","false",256,8,2.64769078783935e-10
"1941",4,1,8,4,"true","false",256,16,5.96981097103294e-10
"23077",2,1,2,2,"true","false",1024,4,2.5272087535188e-10
"57934",4,4,1,4,"true","true",512,2,1.23999015246297e-10
"8311",2,1,2,2,"true","false",1024,2,2.69297809907552e-10
"8580",12,4,2,2,"true","true",256,16,3.0147252717517e-10
"12237",8,4,8,2,"true","true",512,128,2.10452678926325e-09
"51739",2,1,2,2,"true","true",128,2,2.69262520295719e-10
"100803",12,6,2,4,"true","true",256,2,1.35761365941573e-10
"199243",12,3,4,2,"true","false",64,1,1.73350952378822e-10
"3850",4,1,4,4,"true","true",128,16,6.59270315935395e-10
"116185",2,1,2,2,"true","true",1024,8,2.50807208898201e-10
"11639",12,6,2,4,"true","false",512,128,7.93439348923761e-10
"19619",5,5,16,2,"true","false",512,128,7.38797210374896e-09
"208581",15,5,4,2,"true","false",64,2,1.92949226086257e-10
"150561",12,3,4,4,"true","true",256,4,1.74857777962429e-10
"6610",12,4,2,2,"true","true",512,64,5.16595118249821e-10
"174891",16,4,4,4,"true","true",128,16,3.61129409132837e-10
"18682",12,3,1,2,"true","false",512,64,4.0520967787911e-10
"7498",18,6,2,2,"true","true",128,64,1.69854400046373e-09
"150562",12,3,4,4,"true","true",256,4,1.74857777962429e-10
"7206",10,5,4,4,"true","true",512,128,1.39108656079689e-09
"172583",6,6,1,2,"true","true",256,1,1.17919974204394e-10
"22008",12,4,1,2,"true","false",512,2,1.81925270589845e-10
"8477",12,4,8,4,"true","false",128,8,4.44014596732435e-10
"54355",4,1,4,2,"true","true",128,1,3.00554927648439e-10
"22411",8,2,4,4,"true","true",512,16,2.1478211097467e-10
"2373",3,1,2,4,"true","false",128,32,1.60784414888081e-09
"6468",6,6,1,2,"true","false",128,2,1.17976523819686e-10
"8249",18,6,8,2,"true","false",32,8,1.20630085221727e-09
"22772",4,2,1,4,"true","true",1024,512,1.98130478857090e-09
"14931",16,4,2,4,"true","false",1024,128,4.05393667105777e-10
"5832",4,4,8,2,"true","true",256,16,1.09348004888537e-09
"164415",6,3,2,4,"true","false",1024,16,1.52554038682594e-10
"19623",10,5,4,2,"true","false",128,64,2.52301476922146e-09
"732",3,1,4,2,"true","false",128,64,3.05949466134323e-09
