"elements_number","y_component_number","vector_length","temporary_size","vector_recompute","load_overlap","threads_number","lws_y","time_per_pixel","run","step"
12,6,1,4,"true","true",1024,64,2.6041223747282e-10,1,1
24,6,1,2,"true","true",1024,1,1.9105824995861e-10,1,1
18,6,1,4,"true","true",1024,2,2.02967591494609e-10,1,1
18,6,1,2,"true","false",1024,256,9.85788526764859e-10,1,1
6,6,1,4,"true","true",1024,64,2.34252881569392e-10,1,1
18,6,1,4,"true","true",1024,8,2.00335082779587e-10,1,2
12,6,1,2,"true","true",1024,8,1.49194607615408e-10,1,2
12,6,1,4,"true","true",1024,8,1.46321716607771e-10,1,2
24,6,1,2,"true","true",1024,8,1.77595009577156e-10,1,2
6,6,1,2,"true","true",1024,8,1.18235071768955e-10,1,2
6,6,1,2,"true","true",1024,8,1.18235071768955e-10,1,3
6,6,1,4,"true","false",1024,8,1.20545060937111e-10,1,3
6,6,1,2,"true","false",1024,8,1.17642516833282e-10,1,3
6,6,1,4,"true","true",1024,8,1.20170053330998e-10,1,3
4,4,1,4,"true","false",1024,256,8.77423850227704e-10,2,1
4,4,1,2,"true","true",1024,1,1.4196145495969e-10,2,1
16,4,1,4,"true","false",1024,4,2.00285760877781e-10,2,1
8,4,1,4,"true","true",1024,256,9.19387256170886e-10,2,1
16,4,1,4,"true","false",1024,1,2.14034664338555e-10,2,1
8,4,1,2,"true","true",1024,1,1.93184236692277e-10,2,2
12,4,1,2,"true","true",1024,1,2.36708834559132e-10,2,2
12,4,1,4,"true","true",1024,1,2.38598620551504e-10,2,2
4,4,1,4,"true","false",1024,1,1.33364507750663e-10,2,2
4,4,1,4,"true","true",1024,1,1.38044091047538e-10,2,2
4,4,1,4,"true","true",1024,1,1.38044091047538e-10,2,3
4,4,1,2,"true","true",1024,1,1.4196145495969e-10,2,3
4,4,1,2,"true","false",1024,1,1.39907551626982e-10,2,3
4,4,1,4,"true","false",1024,1,1.33364507750663e-10,2,3
4,4,1,4,"true","false",1024,512,1.77872182159199e-09,3,1
16,4,1,2,"true","false",1024,128,4.05734860355415e-10,3,1
4,4,1,2,"true","true",1024,4,1.31720001363936e-10,3,1
12,4,1,4,"true","true",1024,2,2.30155476700536e-10,3,1
16,4,1,2,"true","false",1024,32,2.06418455510705e-10,3,1
16,4,1,2,"true","true",1024,8,1.98340260177846e-10,3,2
4,4,1,2,"true","false",1024,8,1.29741612786399e-10,3,2
16,4,1,4,"true","false",1024,8,1.95439529795982e-10,3,2
16,4,1,2,"true","false",1024,8,1.96858415146615e-10,3,2
12,4,1,2,"true","false",1024,8,2.2260692120697e-10,3,2
4,4,1,2,"true","false",1024,8,1.29741612786399e-10,3,3
4,4,1,4,"true","true",1024,8,1.24992786636709e-10,3,3
4,4,1,4,"true","false",1024,8,1.25784000386163e-10,3,3
4,4,1,2,"true","true",1024,8,1.31407778250902e-10,3,3
24,6,1,4,"true","true",1024,8,1.7607829667075e-10,4,1
24,6,1,4,"true","true",1024,64,2.56782613592105e-10,4,1
12,6,1,2,"true","true",1024,16,1.51141474139474e-10,4,1
6,6,1,2,"true","false",1024,512,1.78335462261649e-09,4,1
12,6,1,2,"true","true",1024,4,1.46309076433785e-10,4,1
18,6,1,2,"true","true",1024,8,1.96980588874906e-10,4,2
12,6,1,2,"true","false",1024,8,1.4752920068034e-10,4,2
6,6,1,4,"true","false",1024,8,1.20545060937111e-10,4,2
24,6,1,2,"true","true",1024,8,1.77595009577156e-10,4,2
6,6,1,2,"true","false",1024,8,1.17642516833282e-10,4,2
6,6,1,4,"true","false",1024,8,1.20545060937111e-10,4,3
6,6,1,4,"true","true",1024,8,1.20170053330998e-10,4,3
6,6,1,2,"true","true",1024,8,1.18235071768955e-10,4,3
6,6,1,2,"true","false",1024,8,1.17642516833282e-10,4,3
6,3,1,4,"true","false",1024,16,1.6017610594937e-10,5,1
6,3,1,2,"true","true",1024,4,1.57596472343103e-10,5,1
3,3,1,4,"true","true",1024,1,1.48203172230431e-10,5,1
6,3,1,2,"true","false",1024,256,9.18924460577398e-10,5,1
12,3,1,2,"true","false",1024,8,2.12125429188637e-10,5,1
3,3,1,2,"true","true",1024,4,1.38177171391209e-10,5,2
12,3,1,4,"true","true",1024,4,2.17052454784115e-10,5,2
9,3,1,2,"true","true",1024,4,2.42796412979382e-10,5,2
6,3,1,2,"true","false",1024,4,1.56904997776166e-10,5,2
6,3,1,4,"true","false",1024,4,1.58421786846984e-10,5,2
3,3,1,2,"true","true",1024,4,1.38177171391209e-10,5,3
3,3,1,4,"true","true",1024,4,1.44464161528362e-10,5,3
3,3,1,4,"true","false",1024,4,1.38271566642236e-10,5,3
3,3,1,2,"true","false",1024,4,1.36603833125993e-10,5,3
6,6,1,4,"true","true",1024,1024,3.74583349518373e-09,6,1
12,6,1,4,"true","false",1024,4,1.44797891103858e-10,6,1
6,6,1,4,"true","true",1024,1,1.29667282018423e-10,6,1
24,6,1,2,"true","true",1024,256,8.62757924340227e-10,6,1
12,6,1,2,"true","false",1024,16,1.51342430706259e-10,6,1
6,6,1,2,"true","false",1024,4,1.18746991977228e-10,6,2
24,6,1,2,"true","true",1024,4,1.84063389791926e-10,6,2
18,6,1,2,"true","false",1024,4,1.9579992664427e-10,6,2
12,6,1,4,"true","true",1024,4,1.44872092405152e-10,6,2
6,6,1,4,"true","false",1024,4,1.18096841715479e-10,6,2
6,6,1,4,"true","true",1024,4,1.18152943056837e-10,6,3
6,6,1,2,"true","true",1024,4,1.17842155236017e-10,6,3
6,6,1,2,"true","false",1024,4,1.18746991977228e-10,6,3
6,6,1,4,"true","false",1024,4,1.18096841715479e-10,6,3
4,2,1,4,"true","false",1024,1,2.0261813527341e-10,7,1
6,2,1,4,"true","true",1024,64,3.48334933286228e-10,7,1
4,2,1,2,"true","true",1024,512,2.00322903456985e-09,7,1
2,2,1,2,"true","false",1024,64,2.92577285929446e-10,7,1
6,2,1,2,"true","false",1024,1,2.4306505019091e-10,7,1
4,2,1,2,"true","false",1024,8,1.7577965939462e-10,7,2
6,2,1,4,"true","true",1024,8,2.34187492270022e-10,7,2
2,2,1,2,"true","false",1024,8,1.61667909382334e-10,7,2
4,2,1,2,"true","true",1024,8,1.75190405441034e-10,7,2
6,2,1,2,"true","true",1024,8,2.28939007618278e-10,7,2
2,2,1,4,"true","false",1024,8,1.65856504258804e-10,7,3
2,2,1,4,"true","true",1024,8,1.63870015157775e-10,7,3
2,2,1,2,"true","false",1024,8,1.61667909382334e-10,7,3
2,2,1,2,"true","true",1024,8,1.60639896867188e-10,7,3
18,6,1,4,"true","false",1024,8,1.97656212879105e-10,8,1
6,6,1,4,"true","true",1024,4,1.18152943056837e-10,8,1
12,6,1,4,"true","true",1024,128,4.53186749041035e-10,8,1
18,6,1,2,"true","false",1024,256,9.85788526764859e-10,8,1
12,6,1,2,"true","true",1024,512,1.93902912955359e-09,8,1
24,6,1,2,"true","false",1024,8,1.78857911487235e-10,8,2
18,6,1,4,"true","true",1024,8,2.00335082779587e-10,8,2
24,6,1,2,"true","true",1024,8,1.77595009577156e-10,8,2
18,6,1,2,"true","false",1024,8,1.98178504530486e-10,8,2
6,6,1,4,"true","false",1024,8,1.20545060937111e-10,8,2
6,6,1,2,"true","false",1024,8,1.17642516833282e-10,8,3
6,6,1,4,"true","false",1024,8,1.20545060937111e-10,8,3
6,6,1,2,"true","true",1024,8,1.18235071768955e-10,8,3
6,6,1,4,"true","true",1024,8,1.20170053330998e-10,8,3
6,3,1,2,"true","true",1024,32,1.62650097258212e-10,9,1
9,3,1,2,"true","false",1024,1,2.56223400762098e-10,9,1
3,3,1,2,"true","false",1024,16,1.4068692679941e-10,9,1
3,3,1,2,"true","true",1024,4,1.38177171391209e-10,9,1
12,3,1,2,"true","true",1024,256,8.3205299526728e-10,9,1
12,3,1,2,"true","true",1024,8,2.11305282243163e-10,9,2
9,3,1,2,"true","true",1024,8,2.45658349368244e-10,9,2
12,3,1,2,"true","false",1024,8,2.12125429188637e-10,9,2
6,3,1,2,"true","true",1024,8,1.55095037351769e-10,9,2
6,3,1,2,"true","false",1024,8,1.55385040302911e-10,9,2
3,3,1,4,"true","true",1024,8,1.37668844036886e-10,9,3
3,3,1,4,"true","false",1024,8,1.42271856557733e-10,9,3
3,3,1,2,"true","true",1024,8,1.36548767259252e-10,9,3
3,3,1,2,"true","false",1024,8,1.38077893481354e-10,9,3
12,6,1,2,"true","false",1024,64,2.62165436452222e-10,10,1
24,6,1,4,"true","false",1024,1024,3.76379579625581e-09,10,1
18,6,1,2,"true","true",1024,8,1.96980588874906e-10,10,1
12,6,1,4,"true","true",1024,512,1.92916356206512e-09,10,1
6,6,1,2,"true","true",1024,2,1.16501321248061e-10,10,1
6,6,1,4,"true","true",1024,4,1.18152943056837e-10,10,2
24,6,1,2,"true","true",1024,4,1.84063389791926e-10,10,2
24,6,1,2,"true","false",1024,4,1.84358051485813e-10,10,2
24,6,1,4,"true","false",1024,4,1.82626392669449e-10,10,2
18,6,1,2,"true","true",1024,4,1.95424187091909e-10,10,2
6,6,1,2,"true","false",1024,4,1.18746991977228e-10,10,3
6,6,1,2,"true","true",1024,4,1.17842155236017e-10,10,3
6,6,1,4,"true","false",1024,4,1.18096841715479e-10,10,3
6,6,1,4,"true","true",1024,4,1.18152943056837e-10,10,3
8,2,1,2,"true","true",1024,64,3.13391447543214e-10,11,1
8,2,1,4,"true","false",1024,512,1.83036054579634e-09,11,1
2,2,1,4,"true","true",1024,2,1.65366676124247e-10,11,1
6,2,1,2,"true","false",1024,64,3.43678899687414e-10,11,1
2,2,1,2,"true","false",1024,1,1.75552033072279e-10,11,1
4,2,1,2,"true","true",1024,4,1.79905445238567e-10,11,2
8,2,1,4,"true","true",1024,4,2.54928690702523e-10,11,2
2,2,1,2,"true","false",1024,4,1.60303866149281e-10,11,2
6,2,1,2,"true","false",1024,4,2.27281332798772e-10,11,2
6,2,1,4,"true","true",1024,4,2.30116441007064e-10,11,2
2,2,1,2,"true","false",1024,4,1.60303866149281e-10,11,3
2,2,1,2,"true","true",1024,4,1.61042728080753e-10,11,3
2,2,1,4,"true","false",1024,4,1.67297944886644e-10,11,3
2,2,1,4,"true","true",1024,4,1.65931076707467e-10,11,3
12,3,1,2,"true","false",1024,2,2.30759626492103e-10,12,1
9,3,1,2,"true","true",1024,64,3.31279681683742e-10,12,1
12,3,1,4,"true","false",1024,128,4.56850773640122e-10,12,1
6,3,1,2,"true","true",1024,1024,3.65530456372466e-09,12,1
9,3,1,2,"true","false",1024,4,2.4429176717202e-10,12,1
3,3,1,2,"true","false",1024,8,1.38077893481354e-10,12,2
12,3,1,2,"true","true",1024,8,2.11305282243163e-10,12,2
3,3,1,4,"true","false",1024,8,1.42271856557733e-10,12,2
3,3,1,2,"true","true",1024,8,1.36548767259252e-10,12,2
6,3,1,2,"true","false",1024,8,1.55385040302911e-10,12,2
3,3,1,2,"true","false",1024,8,1.38077893481354e-10,12,3
3,3,1,4,"true","true",1024,8,1.37668844036886e-10,12,3
3,3,1,4,"true","false",1024,8,1.42271856557733e-10,12,3
3,3,1,2,"true","true",1024,8,1.36548767259252e-10,12,3
12,6,1,2,"true","false",1024,32,1.69418295083396e-10,13,1
12,6,1,4,"true","false",1024,4,1.44797891103858e-10,13,1
6,6,1,4,"true","true",1024,512,1.75946340918465e-09,13,1
24,6,1,4,"true","false",1024,2,1.93659839184499e-10,13,1
18,6,1,4,"true","true",1024,32,2.03257464365548e-10,13,1
18,6,1,2,"true","true",1024,8,1.96980588874906e-10,13,2
12,6,1,2,"true","false",1024,8,1.4752920068034e-10,13,2
24,6,1,2,"true","true",1024,8,1.77595009577156e-10,13,2
24,6,1,4,"true","true",1024,8,1.7607829667075e-10,13,2
24,6,1,4,"true","false",1024,8,1.75769318569462e-10,13,2
6,6,1,2,"true","false",1024,8,1.17642516833282e-10,13,3
6,6,1,4,"true","false",1024,8,1.20545060937111e-10,13,3
6,6,1,2,"true","true",1024,8,1.18235071768955e-10,13,3
6,6,1,4,"true","true",1024,8,1.20170053330998e-10,13,3
18,6,1,2,"true","true",1024,1,2.05172384225424e-10,14,1
12,6,1,2,"true","false",1024,2,1.54349016056111e-10,14,1
18,6,1,4,"true","true",1024,8,2.00335082779587e-10,14,1
12,6,1,2,"true","true",1024,4,1.46309076433785e-10,14,1
18,6,1,4,"true","false",1024,16,1.99843137498764e-10,14,1
12,6,1,2,"true","false",1024,4,1.47764281062067e-10,14,2
18,6,1,2,"true","false",1024,4,1.9579992664427e-10,14,2
18,6,1,4,"true","false",1024,4,1.96012266685612e-10,14,2
12,6,1,4,"true","false",1024,4,1.44797891103858e-10,14,2
6,6,1,4,"true","true",1024,4,1.18152943056837e-10,14,2
6,6,1,4,"true","false",1024,4,1.18096841715479e-10,14,3
6,6,1,2,"true","true",1024,4,1.17842155236017e-10,14,3
6,6,1,4,"true","true",1024,4,1.18152943056837e-10,14,3
6,6,1,2,"true","false",1024,4,1.18746991977228e-10,14,3
8,2,1,2,"true","true",1024,512,1.81568954005313e-09,15,1
4,2,1,2,"true","false",1024,128,5.21725225593204e-10,15,1
4,2,1,4,"true","false",1024,512,1.98056341874628e-09,15,1
8,2,1,2,"true","true",1024,8,2.49674159848057e-10,15,1
6,2,1,4,"true","true",1024,8,2.34187492270022e-10,15,1
8,2,1,4,"true","false",1024,16,2.5830200766585e-10,15,2
8,2,1,2,"true","true",1024,16,2.54227170407038e-10,15,2
8,2,1,4,"true","true",1024,16,2.59197860126297e-10,15,2
4,2,1,4,"true","false",1024,16,1.81128680443517e-10,15,2
2,2,1,2,"true","false",1024,16,1.6667846484997e-10,15,2
2,2,1,4,"true","true",1024,16,1.69456200493895e-10,15,3
2,2,1,2,"true","false",1024,16,1.6667846484997e-10,15,3
2,2,1,2,"true","true",1024,16,1.6735894887162e-10,15,3
2,2,1,4,"true","false",1024,16,1.68634140293463e-10,15,3
8,2,1,4,"true","false",1024,64,3.13056917258529e-10,16,1
8,2,1,2,"true","true",1024,512,1.81568954005313e-09,16,1
4,2,1,4,"true","true",1024,8,1.77385010610333e-10,16,1
8,2,1,4,"true","false",1024,16,2.5830200766585e-10,16,1
8,2,1,4,"true","true",1024,512,1.82771593211684e-09,16,1
4,2,1,4,"true","true",1024,16,1.77625508491842e-10,16,2
2,2,1,4,"true","true",1024,16,1.69456200493895e-10,16,2
6,2,1,2,"true","false",1024,16,2.36520170889179e-10,16,2
8,2,1,4,"true","true",1024,16,2.59197860126297e-10,16,2
6,2,1,2,"true","true",1024,16,2.36931388770767e-10,16,2
2,2,1,2,"true","true",1024,16,1.6735894887162e-10,16,3
2,2,1,4,"true","true",1024,16,1.69456200493895e-10,16,3
2,2,1,4,"true","false",1024,16,1.68634140293463e-10,16,3
2,2,1,2,"true","false",1024,16,1.6667846484997e-10,16,3
6,3,1,4,"true","true",1024,512,1.87441379239536e-09,17,1
9,3,1,2,"true","false",1024,1024,4.10326947229947e-09,17,1
6,3,1,2,"true","false",1024,256,9.18924460577398e-10,17,1
6,3,1,2,"true","false",1024,2,1.64121934936074e-10,17,1
12,3,1,4,"true","true",1024,128,4.50045966381128e-10,17,1
12,3,1,2,"true","true",1024,16,2.1340666844676e-10,17,2
6,3,1,2,"true","true",1024,16,1.57551432251015e-10,17,2
3,3,1,4,"true","false",1024,16,1.44465282170395e-10,17,2
6,3,1,4,"true","false",1024,16,1.6017610594937e-10,17,2
9,3,1,4,"true","false",1024,16,2.45381095788955e-10,17,2
3,3,1,2,"true","false",1024,16,1.4068692679941e-10,17,3
3,3,1,4,"true","false",1024,16,1.44465282170395e-10,17,3
3,3,1,2,"true","true",1024,16,1.39528091700916e-10,17,3
3,3,1,4,"true","true",1024,16,1.43408515823434e-10,17,3
4,2,1,4,"true","false",1024,16,1.81128680443517e-10,18,1
6,2,1,4,"true","true",1024,512,2.00593023822095e-09,18,1
2,2,1,4,"true","false",1024,512,2.06265259268937e-09,18,1
8,2,1,4,"true","false",1024,1024,3.59203051879895e-09,18,1
8,2,1,2,"true","true",1024,512,1.81568954005313e-09,18,1
6,2,1,2,"true","false",1024,1,2.4306505019091e-10,18,2
2,2,1,2,"true","false",1024,1,1.75552033072279e-10,18,2
2,2,1,4,"true","false",1024,1,1.82288011068904e-10,18,2
6,2,1,4,"true","false",1024,1,2.45161943401756e-10,18,2
4,2,1,4,"true","false",1024,1,2.0261813527341e-10,18,2
2,2,1,4,"true","true",1024,1,1.75203220153197e-10,18,3
2,2,1,4,"true","false",1024,1,1.82288011068904e-10,18,3
2,2,1,2,"true","true",1024,1,1.77770770658027e-10,18,3
2,2,1,2,"true","false",1024,1,1.75552033072279e-10,18,3
18,6,1,2,"true","false",1024,32,2.01888487367158e-10,19,1
24,6,1,4,"true","true",1024,2,1.93357602072895e-10,19,1
6,6,1,2,"true","false",1024,32,1.30214124849928e-10,19,1
18,6,1,2,"true","true",1024,1,2.05172384225424e-10,19,1
6,6,1,4,"true","true",1024,1,1.29667282018423e-10,19,1
24,6,1,2,"true","false",1024,8,1.78857911487235e-10,19,2
6,6,1,4,"true","true",1024,8,1.20170053330998e-10,19,2
24,6,1,4,"true","true",1024,8,1.7607829667075e-10,19,2
12,6,1,4,"true","false",1024,8,1.47696848296835e-10,19,2
18,6,1,4,"true","false",1024,8,1.97656212879105e-10,19,2
6,6,1,2,"true","true",1024,8,1.18235071768955e-10,19,3
6,6,1,2,"true","false",1024,8,1.17642516833282e-10,19,3
6,6,1,4,"true","true",1024,8,1.20170053330998e-10,19,3
6,6,1,4,"true","false",1024,8,1.20545060937111e-10,19,3
8,4,1,2,"true","true",1024,8,1.6703540085739e-10,20,1
4,4,1,2,"true","false",1024,8,1.29741612786399e-10,20,1
4,4,1,4,"true","true",1024,8,1.24992786636709e-10,20,1
16,4,1,4,"true","true",1024,256,8.06984130932651e-10,20,1
4,4,1,4,"true","false",1024,32,1.32905198650076e-10,20,1
12,4,1,4,"true","false",1024,16,2.23616836448735e-10,20,2
8,4,1,2,"true","false",1024,16,1.68383511482709e-10,20,2
16,4,1,2,"true","false",1024,16,1.97143244542949e-10,20,2
12,4,1,4,"true","true",1024,16,2.24506362608927e-10,20,2
8,4,1,4,"true","true",1024,16,1.68307706694885e-10,20,2
4,4,1,4,"true","true",1024,16,1.27991660200843e-10,20,3
4,4,1,4,"true","false",1024,16,1.2941581237827e-10,20,3
4,4,1,2,"true","true",1024,16,1.32280083828985e-10,20,3
4,4,1,2,"true","false",1024,16,1.33191938969492e-10,20,3
3,3,1,4,"true","true",1024,2,1.39399631012218e-10,21,1
6,3,1,4,"true","true",1024,1024,3.63896711551911e-09,21,1
12,3,1,4,"true","false",1024,64,2.73919547545557e-10,21,1
9,3,1,4,"true","false",1024,64,3.30630198432003e-10,21,1
12,3,1,4,"true","true",1024,4,2.17052454784115e-10,21,1
12,3,1,4,"true","true",1024,8,2.09575325117134e-10,21,2
6,3,1,2,"true","false",1024,8,1.55385040302911e-10,21,2
6,3,1,2,"true","true",1024,8,1.55095037351769e-10,21,2
9,3,1,4,"true","true",1024,8,2.42972904542629e-10,21,2
6,3,1,4,"true","false",1024,8,1.55381598320639e-10,21,2
3,3,1,2,"true","true",1024,8,1.36548767259252e-10,21,3
3,3,1,2,"true","false",1024,8,1.38077893481354e-10,21,3
3,3,1,4,"true","false",1024,8,1.42271856557733e-10,21,3
3,3,1,4,"true","true",1024,8,1.37668844036886e-10,21,3
3,3,1,2,"true","false",1024,256,9.27332716557957e-10,22,1
3,3,1,4,"true","true",1024,2,1.39399631012218e-10,22,1
3,3,1,4,"true","true",1024,8,1.37668844036886e-10,22,1
9,3,1,2,"true","true",1024,1,2.54846526318952e-10,22,1
3,3,1,2,"true","false",1024,4,1.36603833125993e-10,22,1
9,3,1,2,"true","true",1024,8,2.45658349368244e-10,22,2
12,3,1,4,"true","false",1024,8,2.11181208932408e-10,22,2
6,3,1,2,"true","true",1024,8,1.55095037351769e-10,22,2
6,3,1,4,"true","false",1024,8,1.55381598320639e-10,22,2
12,3,1,4,"true","true",1024,8,2.09575325117134e-10,22,2
3,3,1,4,"true","true",1024,8,1.37668844036886e-10,22,3
3,3,1,2,"true","true",1024,8,1.36548767259252e-10,22,3
3,3,1,4,"true","false",1024,8,1.42271856557733e-10,22,3
3,3,1,2,"true","false",1024,8,1.38077893481354e-10,22,3
24,6,1,2,"true","false",1024,1,1.9110560617478e-10,23,1
18,6,1,4,"true","false",1024,16,1.99843137498764e-10,23,1
6,6,1,4,"true","true",1024,1024,3.74583349518373e-09,23,1
18,6,1,4,"true","false",1024,4,1.96012266685612e-10,23,1
6,6,1,2,"true","true",1024,256,9.07541799160771e-10,23,1
24,6,1,2,"true","false",1024,4,1.84358051485813e-10,23,2
24,6,1,4,"true","false",1024,4,1.82626392669449e-10,23,2
18,6,1,4,"true","false",1024,4,1.96012266685612e-10,23,2
18,6,1,2,"true","false",1024,4,1.9579992664427e-10,23,2
6,6,1,2,"true","false",1024,4,1.18746991977228e-10,23,2
6,6,1,2,"true","false",1024,4,1.18746991977228e-10,23,3
6,6,1,4,"true","false",1024,4,1.18096841715479e-10,23,3
6,6,1,4,"true","true",1024,4,1.18152943056837e-10,23,3
6,6,1,2,"true","true",1024,4,1.17842155236017e-10,23,3
24,6,1,2,"true","false",1024,2,1.94650407639682e-10,24,1
6,6,1,4,"true","true",1024,2,1.18398283203908e-10,24,1
6,6,1,4,"true","true",1024,32,1.28655386741334e-10,24,1
6,6,1,4,"true","true",1024,8,1.20170053330998e-10,24,1
6,6,1,4,"true","false",1024,1024,3.75090570180612e-09,24,1
12,6,1,2,"true","true",1024,8,1.49194607615408e-10,24,2
12,6,1,4,"true","false",1024,8,1.47696848296835e-10,24,2
6,6,1,4,"true","false",1024,8,1.20545060937111e-10,24,2
24,6,1,2,"true","true",1024,8,1.77595009577156e-10,24,2
6,6,1,2,"true","false",1024,8,1.17642516833282e-10,24,2
6,6,1,2,"true","true",1024,8,1.18235071768955e-10,24,3
6,6,1,2,"true","false",1024,8,1.17642516833282e-10,24,3
6,6,1,4,"true","true",1024,8,1.20170053330998e-10,24,3
6,6,1,4,"true","false",1024,8,1.20545060937111e-10,24,3
6,6,1,4,"true","true",1024,16,1.22014273387987e-10,25,1
12,6,1,2,"true","false",1024,2,1.54349016056111e-10,25,1
12,6,1,2,"true","false",1024,4,1.47764281062067e-10,25,1
18,6,1,2,"true","false",1024,4,1.9579992664427e-10,25,1
24,6,1,2,"true","true",1024,2,1.92419601387797e-10,25,1
18,6,1,2,"true","false",1024,1024,4.25618148719193e-09,25,2
18,6,1,4,"true","false",1024,1024,4.26182572477155e-09,25,2
18,6,1,4,"true","true",1024,1024,4.25426368507964e-09,25,2
24,6,1,2,"true","true",1024,1024,3.73508379450786e-09,25,2
12,6,1,4,"true","true",1024,1024,4.27170119094575e-09,25,2
24,6,1,2,"true","true",1024,1024,3.73508379450786e-09,25,3
24,6,1,4,"true","false",1024,1024,3.76379579625581e-09,25,3
24,6,1,4,"true","true",1024,1024,3.76199891146495e-09,25,3
24,6,1,2,"true","false",1024,1024,3.74115848872652e-09,25,3
8,4,1,4,"true","true",1024,1,1.84652413041194e-10,26,1
8,4,1,4,"true","true",1024,128,4.57052380684955e-10,26,1
16,4,1,4,"true","false",1024,8,1.95439529795982e-10,26,1
4,4,1,2,"true","true",1024,8,1.31407778250902e-10,26,1
16,4,1,4,"true","false",1024,256,8.08534458312109e-10,26,1
8,4,1,4,"true","false",1024,4,1.62948238559842e-10,26,2
8,4,1,2,"true","true",1024,4,1.71405288270287e-10,26,2
8,4,1,4,"true","true",1024,4,1.66316986678056e-10,26,2
4,4,1,4,"true","false",1024,4,1.25778542785017e-10,26,2
8,4,1,2,"true","false",1024,4,1.66157710157338e-10,26,2
4,4,1,2,"true","true",1024,4,1.31720001363936e-10,26,3
4,4,1,2,"true","false",1024,4,1.31614617171839e-10,26,3
4,4,1,4,"true","true",1024,4,1.28144380123423e-10,26,3
4,4,1,4,"true","false",1024,4,1.25778542785017e-10,26,3
12,6,1,2,"true","false",1024,1024,4.2704069609051e-09,27,1
12,6,1,2,"true","false",1024,16,1.51342430706259e-10,27,1
6,6,1,4,"true","false",1024,1024,3.75090570180612e-09,27,1
18,6,1,4,"true","false",1024,128,4.89538583425146e-10,27,1
24,6,1,2,"true","true",1024,16,1.7915727406347e-10,27,1
24,6,1,2,"true","true",1024,32,1.96296495556333e-10,27,2
12,6,1,4,"true","true",1024,32,1.64565242025264e-10,27,2
24,6,1,4,"true","true",1024,32,1.94330301642902e-10,27,2
12,6,1,4,"true","false",1024,32,1.63379542307194e-10,27,2
12,6,1,2,"true","true",1024,32,1.64232777656463e-10,27,2
6,6,1,2,"true","false",1024,32,1.30214124849928e-10,27,3
6,6,1,4,"true","true",1024,32,1.28655386741334e-10,27,3
6,6,1,4,"true","false",1024,32,1.30129748438669e-10,27,3
6,6,1,2,"true","true",1024,32,1.306016079639e-10,27,3
1,1,1,4,"true","false",1024,2,2.45555968337347e-10,28,1
2,1,1,4,"true","true",1024,64,4.16073635598575e-10,28,1
1,1,1,4,"true","true",1024,2,2.47565226779882e-10,28,1
3,1,1,4,"true","true",1024,32,3.39560022171894e-10,28,1
2,1,1,4,"true","false",1024,16,2.51843550887326e-10,28,1
3,1,1,2,"true","false",1024,8,3.18880018579736e-10,28,2
2,1,1,2,"true","true",1024,8,2.51784234312279e-10,28,2
1,1,1,4,"true","false",1024,8,2.44891248450898e-10,28,2
3,1,1,4,"true","true",1024,8,3.23311385955978e-10,28,2
3,1,1,2,"true","true",1024,8,3.18166499579299e-10,28,2
1,1,1,4,"true","false",1024,8,2.44891248450898e-10,28,3
1,1,1,2,"true","true",1024,8,2.44442327306725e-10,28,3
1,1,1,2,"true","false",1024,8,2.42162035326885e-10,28,3
1,1,1,4,"true","true",1024,8,2.40470678691862e-10,28,3
6,6,1,2,"true","false",1024,4,1.18746991977228e-10,29,1
12,6,1,4,"true","false",1024,2,1.56195595755883e-10,29,1
24,6,1,2,"true","false",1024,64,2.57586996265345e-10,29,1
6,6,1,4,"true","false",1024,32,1.30129748438669e-10,29,1
18,6,1,2,"true","true",1024,32,2.04312758296843e-10,29,1
24,6,1,4,"true","false",1024,8,1.75769318569462e-10,29,2
24,6,1,4,"true","true",1024,8,1.7607829667075e-10,29,2
12,6,1,4,"true","false",1024,8,1.47696848296835e-10,29,2
24,6,1,2,"true","false",1024,8,1.78857911487235e-10,29,2
12,6,1,2,"true","false",1024,8,1.4752920068034e-10,29,2
6,6,1,2,"true","false",1024,8,1.17642516833282e-10,29,3
6,6,1,4,"true","true",1024,8,1.20170053330998e-10,29,3
6,6,1,4,"true","false",1024,8,1.20545060937111e-10,29,3
6,6,1,2,"true","true",1024,8,1.18235071768955e-10,29,3
6,6,1,2,"true","true",1024,1024,3.76441048533999e-09,30,1
24,6,1,2,"true","true",1024,2,1.92419601387797e-10,30,1
6,6,1,2,"true","false",1024,2,1.20524986739671e-10,30,1
24,6,1,4,"true","false",1024,1024,3.76379579625581e-09,30,1
18,6,1,4,"true","false",1024,1024,4.26182572477155e-09,30,1
18,6,1,2,"true","false",1024,1,2.06513104887015e-10,30,2
18,6,1,4,"true","false",1024,1,2.05702749346096e-10,30,2
12,6,1,4,"true","true",1024,1,1.64708638170676e-10,30,2
24,6,1,4,"true","false",1024,1,1.91426613429802e-10,30,2
12,6,1,2,"true","false",1024,1,1.72027984763759e-10,30,2
6,6,1,4,"true","false",1024,1,1.25373995702647e-10,30,3
6,6,1,2,"true","false",1024,1,1.28669181117226e-10,30,3
6,6,1,2,"true","true",1024,1,1.25629960742448e-10,30,3
6,6,1,4,"true","true",1024,1,1.29667282018423e-10,30,3
12,4,1,2,"true","true",512,64,4.49984879747795e-10,31,1
12,4,1,4,"true","false",512,16,1.86126545426545e-10,31,1
8,4,1,4,"true","false",512,128,8.06471809813308e-10,31,1
12,4,1,2,"true","false",512,1,1.93575579460278e-10,31,1
4,4,1,4,"true","false",512,256,1.66525268588014e-09,31,1
16,4,1,2,"true","true",512,4,1.63226140227468e-10,31,2
8,4,1,2,"true","true",512,4,1.4620863868302e-10,31,2
4,4,1,2,"true","false",512,4,1.32611049989326e-10,31,2
8,4,1,4,"true","true",512,4,1.49298923101772e-10,31,2
12,4,1,4,"true","true",512,4,1.85457102343732e-10,31,2
4,4,1,4,"true","false",512,4,1.27446189399586e-10,31,3
4,4,1,4,"true","true",512,4,1.25569585107033e-10,31,3
4,4,1,2,"true","false",512,4,1.32611049989326e-10,31,3
4,4,1,2,"true","true",512,4,1.29084319981407e-10,31,3
24,6,1,4,"true","false",1024,16,1.78371579121577e-10,32,1
12,6,1,2,"true","false",1024,2,1.54349016056111e-10,32,1
18,6,1,4,"true","true",1024,4,1.96653521112483e-10,32,1
6,6,1,4,"true","true",1024,1024,3.74583349518373e-09,32,1
6,6,1,2,"true","false",1024,32,1.30214124849928e-10,32,1
18,6,1,4,"true","true",1024,8,2.00335082779587e-10,32,2
12,6,1,4,"true","true",1024,8,1.46321716607771e-10,32,2
12,6,1,2,"true","true",1024,8,1.49194607615408e-10,32,2
12,6,1,2,"true","false",1024,8,1.4752920068034e-10,32,2
24,6,1,2,"true","false",1024,8,1.78857911487235e-10,32,2
6,6,1,2,"true","false",1024,8,1.17642516833282e-10,32,3
6,6,1,2,"true","true",1024,8,1.18235071768955e-10,32,3
6,6,1,4,"true","true",1024,8,1.20170053330998e-10,32,3
6,6,1,4,"true","false",1024,8,1.20545060937111e-10,32,3
24,6,1,2,"true","false",1024,2,1.94650407639682e-10,33,1
6,6,1,2,"true","false",1024,32,1.30214124849928e-10,33,1
18,6,1,2,"true","true",1024,64,3.06376040215022e-10,33,1
12,6,1,4,"true","false",1024,64,2.58855338437897e-10,33,1
18,6,1,4,"true","false",1024,8,1.97656212879105e-10,33,1
18,6,1,4,"true","false",1024,8,1.97656212879105e-10,33,2
24,6,1,2,"true","true",1024,8,1.77595009577156e-10,33,2
18,6,1,4,"true","true",1024,8,2.00335082779587e-10,33,2
6,6,1,4,"true","true",1024,8,1.20170053330998e-10,33,2
12,6,1,2,"true","false",1024,8,1.4752920068034e-10,33,2
6,6,1,4,"true","true",1024,8,1.20170053330998e-10,33,3
6,6,1,2,"true","true",1024,8,1.18235071768955e-10,33,3
6,6,1,2,"true","false",1024,8,1.17642516833282e-10,33,3
6,6,1,4,"true","false",1024,8,1.20545060937111e-10,33,3
6,6,1,2,"true","true",1024,4,1.17842155236017e-10,34,1
12,6,1,4,"true","true",1024,4,1.44872092405152e-10,34,1
18,6,1,4,"true","false",1024,4,1.96012266685612e-10,34,1
24,6,1,4,"true","true",1024,8,1.7607829667075e-10,34,1
24,6,1,4,"true","true",1024,128,4.13634550240318e-10,34,1
24,6,1,2,"true","false",1024,1,1.9110560617478e-10,34,2
6,6,1,2,"true","false",1024,1,1.28669181117226e-10,34,2
12,6,1,2,"true","false",1024,1,1.72027984763759e-10,34,2
18,6,1,4,"true","false",1024,1,2.05702749346096e-10,34,2
24,6,1,4,"true","true",1024,1,1.91331104291238e-10,34,2
6,6,1,2,"true","true",1024,1,1.25629960742448e-10,34,3
6,6,1,4,"true","false",1024,1,1.25373995702647e-10,34,3
6,6,1,2,"true","false",1024,1,1.28669181117226e-10,34,3
6,6,1,4,"true","true",1024,1,1.29667282018423e-10,34,3
12,4,1,4,"true","true",1024,32,2.19352822952444e-10,35,1
12,4,1,2,"true","true",1024,1024,4.02449280022869e-09,35,1
8,4,1,4,"true","false",1024,2,1.71499350037707e-10,35,1
12,4,1,2,"true","false",1024,1,2.37063551257861e-10,35,1
8,4,1,4,"true","false",1024,128,4.53599069190995e-10,35,1
4,4,1,2,"true","false",1024,8,1.29741612786399e-10,35,2
12,4,1,2,"true","true",1024,8,2.21215727655423e-10,35,2
12,4,1,4,"true","true",1024,8,2.23480317346044e-10,35,2
16,4,1,4,"true","true",1024,8,1.95431854444634e-10,35,2
16,4,1,2,"true","true",1024,8,1.98340260177846e-10,35,2
4,4,1,4,"true","true",1024,8,1.24992786636709e-10,35,3
4,4,1,4,"true","false",1024,8,1.25784000386163e-10,35,3
4,4,1,2,"true","false",1024,8,1.29741612786399e-10,35,3
4,4,1,2,"true","true",1024,8,1.31407778250902e-10,35,3
18,6,1,4,"true","false",1024,32,2.01720491086732e-10,36,1
24,6,1,2,"true","true",1024,64,2.58271228199226e-10,36,1
6,6,1,2,"true","false",1024,128,4.33511607264778e-10,36,1
18,6,1,4,"true","true",1024,256,9.80301247250735e-10,36,1
6,6,1,2,"true","true",1024,2,1.16501321248061e-10,36,1
18,6,1,2,"true","false",1024,8,1.98178504530486e-10,36,2
18,6,1,2,"true","true",1024,8,1.96980588874906e-10,36,2
24,6,1,2,"true","false",1024,8,1.78857911487235e-10,36,2
24,6,1,4,"true","true",1024,8,1.7607829667075e-10,36,2
24,6,1,4,"true","false",1024,8,1.75769318569462e-10,36,2
24,6,1,2,"true","true",1024,8,1.77595009577156e-10,36,3
24,6,1,4,"true","true",1024,8,1.7607829667075e-10,36,3
24,6,1,2,"true","false",1024,8,1.78857911487235e-10,36,3
24,6,1,4,"true","false",1024,8,1.75769318569462e-10,36,3
9,3,1,2,"true","true",512,8,2.01091513639488e-10,37,1
9,3,1,4,"true","false",512,4,2.01578804113364e-10,37,1
12,3,1,4,"true","true",512,1,1.97975746591285e-10,37,1
9,3,1,2,"true","true",512,1,2.07589378129028e-10,37,1
9,3,1,4,"true","true",512,16,2.00746744191894e-10,37,1
6,3,1,2,"true","true",512,4,1.58510842178414e-10,37,2
12,3,1,2,"true","false",512,4,1.77853315188288e-10,37,2
12,3,1,4,"true","true",512,4,1.80631014406868e-10,37,2
9,3,1,4,"true","false",512,4,2.01578804113364e-10,37,2
6,3,1,4,"true","false",512,4,1.58385161446309e-10,37,2
3,3,1,2,"true","false",512,4,1.36227302720955e-10,37,3
3,3,1,4,"true","false",512,4,1.35429549481083e-10,37,3
3,3,1,2,"true","true",512,4,1.37224255132475e-10,37,3
3,3,1,4,"true","true",512,4,1.35806763141539e-10,37,3
18,6,1,2,"true","true",1024,1,2.05172384225424e-10,38,1
18,6,1,4,"true","true",1024,4,1.96653521112483e-10,38,1
24,6,1,2,"true","false",1024,64,2.57586996265345e-10,38,1
24,6,1,4,"true","true",1024,1,1.91331104291238e-10,38,1
12,6,1,4,"true","true",1024,8,1.46321716607771e-10,38,1
24,6,1,2,"true","false",1024,4,1.84358051485813e-10,38,2
18,6,1,2,"true","false",1024,4,1.9579992664427e-10,38,2
18,6,1,4,"true","true",1024,4,1.96653521112483e-10,38,2
12,6,1,2,"true","false",1024,4,1.47764281062067e-10,38,2
6,6,1,2,"true","false",1024,4,1.18746991977228e-10,38,2
6,6,1,4,"true","false",1024,4,1.18096841715479e-10,38,3
6,6,1,2,"true","false",1024,4,1.18746991977228e-10,38,3
6,6,1,2,"true","true",1024,4,1.17842155236017e-10,38,3
6,6,1,4,"true","true",1024,4,1.18152943056837e-10,38,3
6,3,1,2,"true","false",1024,32,1.61506328677349e-10,39,1
9,3,1,4,"true","true",1024,16,2.45783192991321e-10,39,1
3,3,1,4,"true","false",1024,32,1.4525192473807e-10,39,1
9,3,1,2,"true","true",1024,2,2.52287675440723e-10,39,1
3,3,1,4,"true","true",1024,1024,3.63424265935105e-09,39,1
3,3,1,4,"true","true",1024,8,1.37668844036886e-10,39,2
6,3,1,2,"true","false",1024,8,1.55385040302911e-10,39,2
9,3,1,4,"true","false",1024,8,2.42307428023752e-10,39,2
12,3,1,4,"true","true",1024,8,2.09575325117134e-10,39,2
6,3,1,4,"true","false",1024,8,1.55381598320639e-10,39,2
3,3,1,2,"true","true",1024,8,1.36548767259252e-10,39,3
3,3,1,4,"true","false",1024,8,1.42271856557733e-10,39,3
3,3,1,2,"true","false",1024,8,1.38077893481354e-10,39,3
3,3,1,4,"true","true",1024,8,1.37668844036886e-10,39,3
6,3,1,2,"true","true",1024,4,1.57596472343103e-10,40,1
9,3,1,4,"true","false",1024,128,5.48831062765378e-10,40,1
6,3,1,2,"true","false",1024,1,1.81306472963182e-10,40,1
6,3,1,2,"true","true",1024,1024,3.65530456372466e-09,40,1
3,3,1,4,"true","true",1024,2,1.39399631012218e-10,40,1
6,3,1,2,"true","true",1024,4,1.57596472343103e-10,40,2
6,3,1,4,"true","true",1024,4,1.58822227076392e-10,40,2
9,3,1,2,"true","false",1024,4,2.4429176717202e-10,40,2
3,3,1,2,"true","true",1024,4,1.38177171391209e-10,40,2
12,3,1,4,"true","true",1024,4,2.17052454784115e-10,40,2
3,3,1,2,"true","false",1024,4,1.36603833125993e-10,40,3
3,3,1,4,"true","false",1024,4,1.38271566642236e-10,40,3
3,3,1,4,"true","true",1024,4,1.44464161528362e-10,40,3
3,3,1,2,"true","true",1024,4,1.38177171391209e-10,40,3
24,6,1,2,"true","false",1024,4,1.84358051485813e-10,41,1
18,6,1,4,"true","false",1024,128,4.89538583425146e-10,41,1
24,6,1,4,"true","false",1024,128,4.14110400045629e-10,41,1
18,6,1,4,"true","true",1024,32,2.03257464365548e-10,41,1
18,6,1,2,"true","false",1024,64,3.03842331556721e-10,41,1
12,6,1,2,"true","true",1024,8,1.49194607615408e-10,41,2
24,6,1,4,"true","true",1024,8,1.7607829667075e-10,41,2
24,6,1,2,"true","true",1024,8,1.77595009577156e-10,41,2
6,6,1,2,"true","false",1024,8,1.17642516833282e-10,41,2
12,6,1,4,"true","false",1024,8,1.47696848296835e-10,41,2
6,6,1,4,"true","false",1024,8,1.20545060937111e-10,41,3
6,6,1,2,"true","false",1024,8,1.17642516833282e-10,41,3
6,6,1,4,"true","true",1024,8,1.20170053330998e-10,41,3
6,6,1,2,"true","true",1024,8,1.18235071768955e-10,41,3
9,3,1,4,"true","true",1024,1024,4.06377710524532e-09,42,1
9,3,1,2,"true","true",1024,32,2.34756584146751e-10,42,1
3,3,1,2,"true","true",1024,64,2.50489092822695e-10,42,1
6,3,1,2,"true","true",1024,1,1.83630850979442e-10,42,1
12,3,1,4,"true","false",1024,512,1.77140711482717e-09,42,1
3,3,1,2,"true","true",1024,8,1.36548767259252e-10,42,2
3,3,1,2,"true","false",1024,8,1.38077893481354e-10,42,2
9,3,1,2,"true","false",1024,8,2.42989480166307e-10,42,2
3,3,1,4,"true","true",1024,8,1.37668844036886e-10,42,2
9,3,1,4,"true","true",1024,8,2.42972904542629e-10,42,2
3,3,1,4,"true","false",1024,8,1.42271856557733e-10,42,3
3,3,1,2,"true","false",1024,8,1.38077893481354e-10,42,3
3,3,1,4,"true","true",1024,8,1.37668844036886e-10,42,3
3,3,1,2,"true","true",1024,8,1.36548767259252e-10,42,3
12,6,1,4,"true","true",1024,256,9.64568244892376e-10,43,1
6,6,1,2,"true","false",1024,8,1.17642516833282e-10,43,1
6,6,1,4,"true","false",1024,8,1.20545060937111e-10,43,1
6,6,1,2,"true","true",1024,256,9.07541799160771e-10,43,1
24,6,1,2,"true","true",1024,1,1.9105824995861e-10,43,1
6,6,1,4,"true","true",1024,8,1.20170053330998e-10,43,2
12,6,1,4,"true","true",1024,8,1.46321716607771e-10,43,2
12,6,1,2,"true","false",1024,8,1.4752920068034e-10,43,2
18,6,1,2,"true","false",1024,8,1.98178504530486e-10,43,2
18,6,1,4,"true","false",1024,8,1.97656212879105e-10,43,2
6,6,1,4,"true","false",1024,8,1.20545060937111e-10,43,3
6,6,1,2,"true","false",1024,8,1.17642516833282e-10,43,3
6,6,1,2,"true","true",1024,8,1.18235071768955e-10,43,3
6,6,1,4,"true","true",1024,8,1.20170053330998e-10,43,3
18,6,1,2,"true","false",1024,16,2.00063512605115e-10,44,1
18,6,1,2,"true","false",1024,8,1.98178504530486e-10,44,1
24,6,1,2,"true","false",1024,1024,3.74115848872652e-09,44,1
24,6,1,4,"true","true",1024,1,1.91331104291238e-10,44,1
6,6,1,4,"true","false",1024,1,1.25373995702647e-10,44,1
6,6,1,4,"true","false",1024,4,1.18096841715479e-10,44,2
18,6,1,2,"true","true",1024,4,1.95424187091909e-10,44,2
12,6,1,2,"true","true",1024,4,1.46309076433785e-10,44,2
12,6,1,2,"true","false",1024,4,1.47764281062067e-10,44,2
24,6,1,2,"true","false",1024,4,1.84358051485813e-10,44,2
6,6,1,4,"true","false",1024,4,1.18096841715479e-10,44,3
6,6,1,4,"true","true",1024,4,1.18152943056837e-10,44,3
6,6,1,2,"true","false",1024,4,1.18746991977228e-10,44,3
6,6,1,2,"true","true",1024,4,1.17842155236017e-10,44,3
9,3,1,2,"true","false",1024,8,2.42989480166307e-10,45,1
12,3,1,4,"true","false",1024,32,2.19123639127198e-10,45,1
9,3,1,4,"true","false",1024,64,3.30630198432003e-10,45,1
3,3,1,4,"true","false",1024,4,1.38271566642236e-10,45,1
9,3,1,2,"true","false",1024,256,9.80277459716053e-10,45,1
3,3,1,2,"true","false",1024,1,1.47877079673303e-10,45,2
3,3,1,2,"true","true",1024,1,1.49990275441039e-10,45,2
12,3,1,4,"true","false",1024,1,2.33811011432567e-10,45,2
6,3,1,4,"true","false",1024,1,1.79760739020948e-10,45,2
6,3,1,4,"true","true",1024,1,1.79667472028863e-10,45,2
3,3,1,4,"true","false",1024,1,1.48857960649586e-10,45,3
3,3,1,2,"true","true",1024,1,1.49990275441039e-10,45,3
3,3,1,2,"true","false",1024,1,1.47877079673303e-10,45,3
3,3,1,4,"true","true",1024,1,1.48203172230431e-10,45,3
8,4,1,4,"true","true",1024,16,1.68307706694885e-10,46,1
16,4,1,4,"true","true",1024,64,2.46612867722111e-10,46,1
12,4,1,4,"true","true",1024,128,4.98194627472354e-10,46,1
8,4,1,4,"true","false",1024,8,1.64345967560485e-10,46,1
8,4,1,4,"true","false",1024,1,1.8429418930308e-10,46,1
8,4,1,2,"true","false",1024,4,1.66157710157338e-10,46,2
4,4,1,2,"true","true",1024,4,1.31720001363936e-10,46,2
12,4,1,4,"true","true",1024,4,2.21903160520756e-10,46,2
16,4,1,2,"true","false",1024,4,2.03372215384386e-10,46,2
8,4,1,4,"true","true",1024,4,1.66316986678056e-10,46,2
4,4,1,4,"true","false",1024,4,1.25778542785017e-10,46,3
4,4,1,2,"true","false",1024,4,1.31614617171839e-10,46,3
4,4,1,4,"true","true",1024,4,1.28144380123423e-10,46,3
4,4,1,2,"true","true",1024,4,1.31720001363936e-10,46,3
3,3,1,2,"true","true",1024,512,1.9123818722109e-09,47,1
9,3,1,4,"true","true",1024,2,2.52442668717217e-10,47,1
9,3,1,2,"true","true",1024,64,3.31279681683742e-10,47,1
3,3,1,2,"true","false",1024,512,1.90601535219602e-09,47,1
6,3,1,2,"true","false",1024,128,4.8140980232697e-10,47,1
6,3,1,4,"true","false",1024,8,1.55381598320639e-10,47,2
3,3,1,4,"true","true",1024,8,1.37668844036886e-10,47,2
12,3,1,2,"true","false",1024,8,2.12125429188637e-10,47,2
6,3,1,2,"true","false",1024,8,1.55385040302911e-10,47,2
3,3,1,2,"true","false",1024,8,1.38077893481354e-10,47,2
3,3,1,4,"true","false",1024,8,1.42271856557733e-10,47,3
3,3,1,2,"true","false",1024,8,1.38077893481354e-10,47,3
3,3,1,4,"true","true",1024,8,1.37668844036886e-10,47,3
3,3,1,2,"true","true",1024,8,1.36548767259252e-10,47,3
6,6,1,4,"true","true",1024,1,1.29667282018423e-10,48,1
6,6,1,2,"true","false",1024,32,1.30214124849928e-10,48,1
6,6,1,2,"true","true",1024,256,9.07541799160771e-10,48,1
24,6,1,2,"true","true",1024,256,8.62757924340227e-10,48,1
18,6,1,2,"true","false",1024,1024,4.25618148719193e-09,48,1
6,6,1,4,"true","true",1024,8,1.20170053330998e-10,48,2
24,6,1,4,"true","false",1024,8,1.75769318569462e-10,48,2
6,6,1,2,"true","false",1024,8,1.17642516833282e-10,48,2
12,6,1,4,"true","false",1024,8,1.47696848296835e-10,48,2
24,6,1,2,"true","true",1024,8,1.77595009577156e-10,48,2
6,6,1,4,"true","false",1024,8,1.20545060937111e-10,48,3
6,6,1,2,"true","true",1024,8,1.18235071768955e-10,48,3
6,6,1,2,"true","false",1024,8,1.17642516833282e-10,48,3
6,6,1,4,"true","true",1024,8,1.20170053330998e-10,48,3
9,3,1,4,"true","false",1024,4,2.42430439225643e-10,49,1
3,3,1,4,"true","true",1024,4,1.44464161528362e-10,49,1
9,3,1,4,"true","false",1024,64,3.30630198432003e-10,49,1
6,3,1,4,"true","false",1024,1,1.79760739020948e-10,49,1
3,3,1,2,"true","false",1024,8,1.38077893481354e-10,49,1
9,3,1,4,"true","false",1024,4,2.42430439225643e-10,49,2
3,3,1,4,"true","true",1024,4,1.44464161528362e-10,49,2
9,3,1,2,"true","true",1024,4,2.42796412979382e-10,49,2
6,3,1,4,"true","false",1024,4,1.58421786846984e-10,49,2
12,3,1,2,"true","true",1024,4,2.19207457649092e-10,49,2
3,3,1,4,"true","false",1024,4,1.38271566642236e-10,49,3
3,3,1,4,"true","true",1024,4,1.44464161528362e-10,49,3
3,3,1,2,"true","false",1024,4,1.36603833125993e-10,49,3
3,3,1,2,"true","true",1024,4,1.38177171391209e-10,49,3
6,6,1,2,"true","true",1024,512,1.7854476867972e-09,50,1
6,6,1,4,"true","false",1024,16,1.22460968799545e-10,50,1
6,6,1,4,"true","false",1024,4,1.18096841715479e-10,50,1
12,6,1,4,"true","false",1024,32,1.63379542307194e-10,50,1
24,6,1,4,"true","false",1024,32,1.96796603880065e-10,50,1
12,6,1,2,"true","false",1024,8,1.4752920068034e-10,50,2
6,6,1,2,"true","false",1024,8,1.17642516833282e-10,50,2
24,6,1,2,"true","true",1024,8,1.77595009577156e-10,50,2
12,6,1,4,"true","false",1024,8,1.47696848296835e-10,50,2
24,6,1,2,"true","false",1024,8,1.78857911487235e-10,50,2
6,6,1,2,"true","false",1024,8,1.17642516833282e-10,50,3
6,6,1,4,"true","true",1024,8,1.20170053330998e-10,50,3
6,6,1,2,"true","true",1024,8,1.18235071768955e-10,50,3
6,6,1,4,"true","false",1024,8,1.20545060937111e-10,50,3
24,6,1,2,"true","true",1024,16,1.7915727406347e-10,51,1
6,6,1,4,"true","false",1024,32,1.30129748438669e-10,51,1
24,6,1,2,"true","false",1024,32,1.9836128856442e-10,51,1
6,6,1,2,"true","true",1024,1024,3.76441048533999e-09,51,1
6,6,1,2,"true","false",1024,64,2.35916660909475e-10,51,1
24,6,1,4,"true","false",1024,16,1.78371579121577e-10,51,2
18,6,1,2,"true","false",1024,16,2.00063512605115e-10,51,2
18,6,1,4,"true","false",1024,16,1.99843137498764e-10,51,2
24,6,1,2,"true","false",1024,16,1.83632491074325e-10,51,2
6,6,1,4,"true","false",1024,16,1.22460968799545e-10,51,2
6,6,1,2,"true","true",1024,16,1.20103281224236e-10,51,3
6,6,1,4,"true","false",1024,16,1.22460968799545e-10,51,3
6,6,1,4,"true","true",1024,16,1.22014273387987e-10,51,3
6,6,1,2,"true","false",1024,16,1.19644084929894e-10,51,3
12,4,1,2,"true","false",1024,32,2.16891920827202e-10,52,1
4,4,1,2,"true","false",1024,32,1.37167749817361e-10,52,1
8,4,1,2,"true","true",1024,64,2.61412127315797e-10,52,1
12,4,1,4,"true","true",1024,32,2.19352822952444e-10,52,1
4,4,1,2,"true","true",1024,32,1.36729741637486e-10,52,1
4,4,1,4,"true","false",1024,1,1.33364507750663e-10,52,2
12,4,1,4,"true","true",1024,1,2.38598620551504e-10,52,2
8,4,1,2,"true","false",1024,1,1.88807354521771e-10,52,2
12,4,1,2,"true","true",1024,1,2.36708834559132e-10,52,2
16,4,1,4,"true","false",1024,1,2.14034664338555e-10,52,2
4,4,1,2,"true","false",1024,1,1.39907551626982e-10,52,3
4,4,1,4,"true","true",1024,1,1.38044091047538e-10,52,3
4,4,1,2,"true","true",1024,1,1.4196145495969e-10,52,3
4,4,1,4,"true","false",1024,1,1.33364507750663e-10,52,3
18,6,1,2,"true","false",1024,64,3.03842331556721e-10,53,1
6,6,1,4,"true","true",1024,64,2.34252881569392e-10,53,1
6,6,1,4,"true","false",1024,8,1.20545060937111e-10,53,1
18,6,1,2,"true","true",1024,32,2.04312758296843e-10,53,1
18,6,1,2,"true","false",1024,4,1.9579992664427e-10,53,1
24,6,1,4,"true","true",1024,8,1.7607829667075e-10,53,2
6,6,1,2,"true","false",1024,8,1.17642516833282e-10,53,2
18,6,1,2,"true","true",1024,8,1.96980588874906e-10,53,2
18,6,1,4,"true","false",1024,8,1.97656212879105e-10,53,2
24,6,1,2,"true","false",1024,8,1.78857911487235e-10,53,2
6,6,1,2,"true","false",1024,8,1.17642516833282e-10,53,3
6,6,1,2,"true","true",1024,8,1.18235071768955e-10,53,3
6,6,1,4,"true","true",1024,8,1.20170053330998e-10,53,3
6,6,1,4,"true","false",1024,8,1.20545060937111e-10,53,3
9,3,1,2,"true","true",1024,8,2.45658349368244e-10,54,1
9,3,1,2,"true","true",1024,2,2.52287675440723e-10,54,1
12,3,1,2,"true","false",1024,64,2.74699342577974e-10,54,1
6,3,1,2,"true","true",1024,32,1.62650097258212e-10,54,1
3,3,1,2,"true","false",1024,128,4.79042321807607e-10,54,1
6,3,1,4,"true","true",1024,8,1.55903394143869e-10,54,2
3,3,1,2,"true","true",1024,8,1.36548767259252e-10,54,2
12,3,1,2,"true","false",1024,8,2.12125429188637e-10,54,2
9,3,1,2,"true","true",1024,8,2.45658349368244e-10,54,2
9,3,1,4,"true","false",1024,8,2.42307428023752e-10,54,2
3,3,1,4,"true","false",1024,8,1.42271856557733e-10,54,3
3,3,1,2,"true","false",1024,8,1.38077893481354e-10,54,3
3,3,1,2,"true","true",1024,8,1.36548767259252e-10,54,3
3,3,1,4,"true","true",1024,8,1.37668844036886e-10,54,3
12,3,1,2,"true","true",1024,8,2.11305282243163e-10,55,1
6,3,1,4,"true","false",1024,16,1.6017610594937e-10,55,1
9,3,1,2,"true","false",1024,64,3.29484889578271e-10,55,1
6,3,1,2,"true","false",1024,128,4.8140980232697e-10,55,1
3,3,1,4,"true","true",1024,16,1.43408515823434e-10,55,1
3,3,1,4,"true","false",1024,16,1.44465282170395e-10,55,2
3,3,1,2,"true","true",1024,16,1.39528091700916e-10,55,2
12,3,1,2,"true","false",1024,16,2.17927051279028e-10,55,2
12,3,1,4,"true","false",1024,16,2.13706429175111e-10,55,2
12,3,1,2,"true","true",1024,16,2.1340666844676e-10,55,2
3,3,1,4,"true","true",1024,16,1.43408515823434e-10,55,3
3,3,1,4,"true","false",1024,16,1.44465282170395e-10,55,3
3,3,1,2,"true","true",1024,16,1.39528091700916e-10,55,3
3,3,1,2,"true","false",1024,16,1.4068692679941e-10,55,3
9,3,1,2,"true","false",1024,8,2.42989480166307e-10,56,1
6,3,1,2,"true","true",1024,1,1.83630850979442e-10,56,1
6,3,1,2,"true","true",1024,512,1.89182707897231e-09,56,1
12,3,1,2,"true","false",1024,64,2.74699342577974e-10,56,1
12,3,1,2,"true","false",1024,256,8.34161892346494e-10,56,1
6,3,1,4,"true","false",1024,4,1.58421786846984e-10,56,2
3,3,1,2,"true","true",1024,4,1.38177171391209e-10,56,2
12,3,1,4,"true","true",1024,4,2.17052454784115e-10,56,2
12,3,1,2,"true","false",1024,4,2.21969340498309e-10,56,2
6,3,1,2,"true","false",1024,4,1.56904997776166e-10,56,2
3,3,1,2,"true","false",1024,4,1.36603833125993e-10,56,3
3,3,1,4,"true","false",1024,4,1.38271566642236e-10,56,3
3,3,1,4,"true","true",1024,4,1.44464161528362e-10,56,3
3,3,1,2,"true","true",1024,4,1.38177171391209e-10,56,3
12,4,1,2,"true","true",1024,2,2.304791216156e-10,57,1
16,4,1,4,"true","false",1024,128,4.08823945263764e-10,57,1
12,4,1,2,"true","true",1024,1,2.36708834559132e-10,57,1
16,4,1,4,"true","false",1024,4,2.00285760877781e-10,57,1
4,4,1,4,"true","true",1024,128,4.3556451346323e-10,57,1
4,4,1,4,"true","true",1024,8,1.24992786636709e-10,57,2
12,4,1,2,"true","true",1024,8,2.21215727655423e-10,57,2
12,4,1,4,"true","true",1024,8,2.23480317346044e-10,57,2
12,4,1,2,"true","false",1024,8,2.2260692120697e-10,57,2
16,4,1,4,"true","false",1024,8,1.95439529795982e-10,57,2
4,4,1,2,"true","false",1024,8,1.29741612786399e-10,57,3
4,4,1,2,"true","true",1024,8,1.31407778250902e-10,57,3
4,4,1,4,"true","false",1024,8,1.25784000386163e-10,57,3
4,4,1,4,"true","true",1024,8,1.24992786636709e-10,57,3
1,1,1,4,"true","true",1024,256,1.39121715885375e-09,58,1
1,1,1,4,"true","false",1024,32,2.44387901670562e-10,58,1
2,1,1,2,"true","true",1024,64,4.14059077087875e-10,58,1
2,1,1,4,"true","true",1024,16,2.52348846887061e-10,58,1
3,1,1,4,"true","true",1024,2,3.34149526627371e-10,58,1
2,1,1,2,"true","false",1024,8,2.51299290306204e-10,58,2
1,1,1,4,"true","true",1024,8,2.40470678691862e-10,58,2
3,1,1,4,"true","false",1024,8,3.23674811632088e-10,58,2
2,1,1,2,"true","true",1024,8,2.51784234312279e-10,58,2
4,1,1,2,"true","false",1024,8,3.12756078825156e-10,58,2
1,1,1,4,"true","true",1024,8,2.40470678691862e-10,58,3
1,1,1,2,"true","false",1024,8,2.42162035326885e-10,58,3
1,1,1,4,"true","false",1024,8,2.44891248450898e-10,58,3
1,1,1,2,"true","true",1024,8,2.44442327306725e-10,58,3
6,3,1,2,"true","true",1024,512,1.89182707897231e-09,59,1
6,3,1,2,"true","false",1024,1024,3.64996592811392e-09,59,1
12,3,1,4,"true","true",1024,64,2.79400535114494e-10,59,1
6,3,1,4,"true","false",1024,128,4.82175005012362e-10,59,1
9,3,1,2,"true","true",1024,16,2.45296724663726e-10,59,1
9,3,1,4,"true","true",1024,32,2.29266293146065e-10,59,2
6,3,1,4,"true","false",1024,32,1.61023580010469e-10,59,2
12,3,1,2,"true","false",1024,32,2.21514862791714e-10,59,2
9,3,1,4,"true","false",1024,32,2.30431167553132e-10,59,2
6,3,1,2,"true","true",1024,32,1.62650097258212e-10,59,2
3,3,1,4,"true","false",1024,32,1.4525192473807e-10,59,3
3,3,1,2,"true","true",1024,32,1.46562164499176e-10,59,3
3,3,1,2,"true","false",1024,32,1.42819696346756e-10,59,3
3,3,1,4,"true","true",1024,32,1.43933576595925e-10,59,3
20,5,1,4,"true","true",1024,2,1.98948984858234e-10,60,1
5,5,1,4,"true","true",1024,1024,3.65592472990095e-09,60,1
10,5,1,2,"true","true",1024,4,1.53440522529679e-10,60,1
10,5,1,4,"true","true",1024,256,8.99201838499889e-10,60,1
20,5,1,2,"true","false",1024,16,1.8899050499449e-10,60,1
10,5,1,4,"true","true",1024,8,1.54997062510677e-10,60,2
5,5,1,4,"true","true",1024,8,1.22673693643043e-10,60,2
5,5,1,2,"true","false",1024,8,1.22360757184054e-10,60,2
5,5,1,4,"true","false",1024,8,1.23934836150301e-10,60,2
15,5,1,4,"true","true",1024,8,2.10712306811652e-10,60,2
5,5,1,2,"true","true",1024,8,1.25213701500642e-10,60,3
5,5,1,4,"true","false",1024,8,1.23934836150301e-10,60,3
5,5,1,2,"true","false",1024,8,1.22360757184054e-10,60,3
5,5,1,4,"true","true",1024,8,1.22673693643043e-10,60,3
12,3,1,2,"true","false",1024,2,2.30759626492103e-10,61,1
6,3,1,2,"true","true",1024,8,1.55095037351769e-10,61,1
12,3,1,4,"true","true",1024,8,2.09575325117134e-10,61,1
12,3,1,4,"true","false",1024,8,2.11181208932408e-10,61,1
6,3,1,4,"true","true",1024,16,1.60061539833948e-10,61,1
3,3,1,2,"true","false",1024,8,1.38077893481354e-10,61,2
6,3,1,4,"true","true",1024,8,1.55903394143869e-10,61,2
9,3,1,4,"true","true",1024,8,2.42972904542629e-10,61,2
3,3,1,4,"true","true",1024,8,1.37668844036886e-10,61,2
9,3,1,4,"true","false",1024,8,2.42307428023752e-10,61,2
3,3,1,4,"true","false",1024,8,1.42271856557733e-10,61,3
3,3,1,2,"true","false",1024,8,1.38077893481354e-10,61,3
3,3,1,4,"true","true",1024,8,1.37668844036886e-10,61,3
3,3,1,2,"true","true",1024,8,1.36548767259252e-10,61,3
6,6,1,4,"true","true",1024,128,4.29345263145477e-10,62,1
18,6,1,2,"true","true",1024,256,9.79505219017962e-10,62,1
12,6,1,4,"true","false",1024,32,1.63379542307194e-10,62,1
24,6,1,2,"true","true",1024,512,1.72911064791155e-09,62,1
18,6,1,2,"true","false",1024,32,2.01888487367158e-10,62,1
18,6,1,2,"true","false",1024,4,1.9579992664427e-10,62,2
6,6,1,4,"true","false",1024,4,1.18096841715479e-10,62,2
12,6,1,2,"true","false",1024,4,1.47764281062067e-10,62,2
6,6,1,2,"true","false",1024,4,1.18746991977228e-10,62,2
12,6,1,2,"true","true",1024,4,1.46309076433785e-10,62,2
6,6,1,4,"true","true",1024,4,1.18152943056837e-10,62,3
6,6,1,2,"true","true",1024,4,1.17842155236017e-10,62,3
6,6,1,2,"true","false",1024,4,1.18746991977228e-10,62,3
6,6,1,4,"true","false",1024,4,1.18096841715479e-10,62,3
12,6,1,2,"true","true",1024,2,1.57978088075263e-10,63,1
24,6,1,2,"true","true",1024,2,1.92419601387797e-10,63,1
24,6,1,2,"true","false",1024,1024,3.74115848872652e-09,63,1
6,6,1,2,"true","false",1024,64,2.35916660909475e-10,63,1
18,6,1,4,"true","false",1024,16,1.99843137498764e-10,63,1
18,6,1,4,"true","false",1024,8,1.97656212879105e-10,63,2
6,6,1,4,"true","true",1024,8,1.20170053330998e-10,63,2
6,6,1,2,"true","true",1024,8,1.18235071768955e-10,63,2
18,6,1,2,"true","false",1024,8,1.98178504530486e-10,63,2
12,6,1,4,"true","true",1024,8,1.46321716607771e-10,63,2
6,6,1,4,"true","false",1024,8,1.20545060937111e-10,63,3
6,6,1,2,"true","true",1024,8,1.18235071768955e-10,63,3
6,6,1,4,"true","true",1024,8,1.20170053330998e-10,63,3
6,6,1,2,"true","false",1024,8,1.17642516833282e-10,63,3
6,3,1,2,"true","true",1024,32,1.62650097258212e-10,64,1
3,3,1,4,"true","false",1024,128,4.75999640794647e-10,64,1
6,3,1,4,"true","true",1024,4,1.58822227076392e-10,64,1
12,3,1,4,"true","false",1024,256,8.40705029496609e-10,64,1
3,3,1,4,"true","false",1024,1024,3.63612423555955e-09,64,1
6,3,1,4,"true","true",1024,16,1.60061539833948e-10,64,2
12,3,1,2,"true","false",1024,16,2.17927051279028e-10,64,2
12,3,1,4,"true","false",1024,16,2.13706429175111e-10,64,2
9,3,1,4,"true","true",1024,16,2.45783192991321e-10,64,2
9,3,1,2,"true","false",1024,16,2.45719917595083e-10,64,2
3,3,1,4,"true","true",1024,16,1.43408515823434e-10,64,3
3,3,1,2,"true","false",1024,16,1.4068692679941e-10,64,3
3,3,1,4,"true","false",1024,16,1.44465282170395e-10,64,3
3,3,1,2,"true","true",1024,16,1.39528091700916e-10,64,3
12,6,1,2,"true","true",1024,1024,4.26386725597757e-09,65,1
18,6,1,2,"true","false",1024,4,1.9579992664427e-10,65,1
18,6,1,2,"true","false",1024,512,1.94636307397828e-09,65,1
18,6,1,4,"true","false",1024,64,3.0430158729775e-10,65,1
18,6,1,2,"true","false",1024,128,4.89878636852301e-10,65,1
24,6,1,2,"true","false",1024,16,1.83632491074325e-10,65,2
24,6,1,2,"true","true",1024,16,1.7915727406347e-10,65,2
12,6,1,4,"true","true",1024,16,1.49068391521557e-10,65,2
6,6,1,2,"true","true",1024,16,1.20103281224236e-10,65,2
12,6,1,2,"true","true",1024,16,1.51141474139474e-10,65,2
6,6,1,2,"true","true",1024,16,1.20103281224236e-10,65,3
6,6,1,4,"true","false",1024,16,1.22460968799545e-10,65,3
6,6,1,2,"true","false",1024,16,1.19644084929894e-10,65,3
6,6,1,4,"true","true",1024,16,1.22014273387987e-10,65,3
10,5,1,2,"true","true",1024,16,1.59445222335228e-10,66,1
5,5,1,4,"true","true",1024,1024,3.65592472990095e-09,66,1
10,5,1,2,"true","false",1024,4,1.53106769546541e-10,66,1
10,5,1,4,"true","true",1024,256,8.99201838499889e-10,66,1
15,5,1,2,"true","true",1024,128,4.86656254767126e-10,66,1
20,5,1,2,"true","false",1024,16,1.8899050499449e-10,66,2
10,5,1,4,"true","false",1024,16,1.57110311008585e-10,66,2
20,5,1,2,"true","true",1024,16,1.87925054909137e-10,66,2
15,5,1,4,"true","false",1024,16,2.09156731149877e-10,66,2
15,5,1,2,"true","false",1024,16,2.09148173966419e-10,66,2
5,5,1,4,"true","false",1024,16,1.28140117678627e-10,66,3
5,5,1,2,"true","true",1024,16,1.29008091384591e-10,66,3
5,5,1,2,"true","false",1024,16,1.28007775980029e-10,66,3
5,5,1,4,"true","true",1024,16,1.26535757573826e-10,66,3
18,6,1,2,"true","true",1024,1024,4.25564361559655e-09,67,1
6,6,1,4,"true","true",1024,16,1.22014273387987e-10,67,1
6,6,1,2,"true","false",1024,1,1.28669181117226e-10,67,1
18,6,1,4,"true","true",1024,4,1.96653521112483e-10,67,1
24,6,1,2,"true","true",1024,16,1.7915727406347e-10,67,1
24,6,1,4,"true","false",1024,2,1.93659839184499e-10,67,2
12,6,1,4,"true","false",1024,2,1.56195595755883e-10,67,2
18,6,1,4,"true","true",1024,2,2.02967591494609e-10,67,2
12,6,1,2,"true","true",1024,2,1.57978088075263e-10,67,2
6,6,1,2,"true","false",1024,2,1.20524986739671e-10,67,2
6,6,1,4,"true","false",1024,2,1.18717485534039e-10,67,3
6,6,1,2,"true","false",1024,2,1.20524986739671e-10,67,3
6,6,1,4,"true","true",1024,2,1.18398283203908e-10,67,3
6,6,1,2,"true","true",1024,2,1.16501321248061e-10,67,3
18,6,1,4,"true","false",1024,512,1.94702538961328e-09,68,1
18,6,1,4,"true","true",1024,16,1.98759837481563e-10,68,1
12,6,1,2,"true","true",1024,64,2.67015605956916e-10,68,1
12,6,1,2,"true","false",1024,1024,4.2704069609051e-09,68,1
18,6,1,2,"true","true",1024,1,2.05172384225424e-10,68,1
12,6,1,4,"true","true",1024,8,1.46321716607771e-10,68,2
18,6,1,4,"true","false",1024,8,1.97656212879105e-10,68,2
18,6,1,2,"true","true",1024,8,1.96980588874906e-10,68,2
18,6,1,4,"true","true",1024,8,2.00335082779587e-10,68,2
18,6,1,2,"true","false",1024,8,1.98178504530486e-10,68,2
6,6,1,4,"true","false",1024,8,1.20545060937111e-10,68,3
6,6,1,2,"true","true",1024,8,1.18235071768955e-10,68,3
6,6,1,4,"true","true",1024,8,1.20170053330998e-10,68,3
6,6,1,2,"true","false",1024,8,1.17642516833282e-10,68,3
8,4,1,4,"true","true",1024,256,9.19387256170886e-10,69,1
8,4,1,4,"true","false",1024,8,1.64345967560485e-10,69,1
16,4,1,4,"true","true",1024,4,1.99000880477294e-10,69,1
4,4,1,2,"true","true",1024,256,8.75251700289326e-10,69,1
4,4,1,4,"true","false",1024,128,4.37946421474328e-10,69,1
4,4,1,4,"true","false",1024,16,1.2941581237827e-10,69,2
16,4,1,2,"true","true",1024,16,1.98094613916691e-10,69,2
4,4,1,2,"true","true",1024,16,1.32280083828985e-10,69,2
12,4,1,2,"true","true",1024,16,2.25580283451424e-10,69,2
16,4,1,4,"true","false",1024,16,1.96773458039814e-10,69,2
4,4,1,4,"true","false",1024,16,1.2941581237827e-10,69,3
4,4,1,2,"true","false",1024,16,1.33191938969492e-10,69,3
4,4,1,4,"true","true",1024,16,1.27991660200843e-10,69,3
4,4,1,2,"true","true",1024,16,1.32280083828985e-10,69,3
18,6,1,2,"true","false",1024,4,1.9579992664427e-10,70,1
18,6,1,4,"true","true",1024,8,2.00335082779587e-10,70,1
12,6,1,4,"true","false",1024,1,1.65468945727278e-10,70,1
24,6,1,4,"true","true",1024,256,8.67949715300379e-10,70,1
6,6,1,4,"true","true",1024,512,1.75946340918465e-09,70,1
6,6,1,2,"true","false",1024,4,1.18746991977228e-10,70,2
12,6,1,2,"true","false",1024,4,1.47764281062067e-10,70,2
24,6,1,4,"true","true",1024,4,1.8438493133474e-10,70,2
24,6,1,2,"true","false",1024,4,1.84358051485813e-10,70,2
24,6,1,2,"true","true",1024,4,1.84063389791926e-10,70,2
6,6,1,2,"true","true",1024,4,1.17842155236017e-10,70,3
6,6,1,2,"true","false",1024,4,1.18746991977228e-10,70,3
6,6,1,4,"true","true",1024,4,1.18152943056837e-10,70,3
6,6,1,4,"true","false",1024,4,1.18096841715479e-10,70,3
24,6,1,2,"true","false",1024,1024,3.74115848872652e-09,71,1
24,6,1,4,"true","true",1024,8,1.7607829667075e-10,71,1
6,6,1,4,"true","false",1024,8,1.20545060937111e-10,71,1
12,6,1,2,"true","false",1024,1024,4.2704069609051e-09,71,1
24,6,1,2,"true","true",1024,1,1.9105824995861e-10,71,1
12,6,1,4,"true","false",1024,4,1.44797891103858e-10,71,2
24,6,1,4,"true","false",1024,4,1.82626392669449e-10,71,2
24,6,1,2,"true","true",1024,4,1.84063389791926e-10,71,2
18,6,1,4,"true","false",1024,4,1.96012266685612e-10,71,2
24,6,1,2,"true","false",1024,4,1.84358051485813e-10,71,2
6,6,1,2,"true","false",1024,4,1.18746991977228e-10,71,3
6,6,1,4,"true","true",1024,4,1.18152943056837e-10,71,3
6,6,1,4,"true","false",1024,4,1.18096841715479e-10,71,3
6,6,1,2,"true","true",1024,4,1.17842155236017e-10,71,3
2,2,1,4,"true","false",1024,1024,3.96151408651096e-09,72,1
4,2,1,2,"true","true",1024,64,3.00595162149179e-10,72,1
6,2,1,2,"true","true",1024,4,2.26752110901576e-10,72,1
2,2,1,2,"true","false",1024,2,1.63461368732361e-10,72,1
2,2,1,4,"true","false",1024,1,1.82288011068904e-10,72,1
6,2,1,4,"true","true",1024,4,2.30116441007064e-10,72,2
8,2,1,2,"true","false",1024,4,2.54972339508473e-10,72,2
4,2,1,4,"true","true",1024,4,1.78796957892033e-10,72,2
2,2,1,2,"true","false",1024,4,1.60303866149281e-10,72,2
8,2,1,2,"true","true",1024,4,2.54515372971333e-10,72,2
2,2,1,4,"true","false",1024,4,1.67297944886644e-10,72,3
2,2,1,2,"true","true",1024,4,1.61042728080753e-10,72,3
2,2,1,2,"true","false",1024,4,1.60303866149281e-10,72,3
2,2,1,4,"true","true",1024,4,1.65931076707467e-10,72,3
18,6,1,2,"true","true",1024,32,2.04312758296843e-10,73,1
18,6,1,2,"true","true",1024,256,9.79505219017962e-10,73,1
18,6,1,4,"true","false",1024,8,1.97656212879105e-10,73,1
24,6,1,2,"true","false",1024,8,1.78857911487235e-10,73,1
6,6,1,4,"true","false",1024,1024,3.75090570180612e-09,73,1
6,6,1,4,"true","true",1024,16,1.22014273387987e-10,73,2
12,6,1,4,"true","true",1024,16,1.49068391521557e-10,73,2
18,6,1,2,"true","false",1024,16,2.00063512605115e-10,73,2
24,6,1,2,"true","false",1024,16,1.83632491074325e-10,73,2
18,6,1,4,"true","false",1024,16,1.99843137498764e-10,73,2
6,6,1,2,"true","true",1024,16,1.20103281224236e-10,73,3
6,6,1,4,"true","false",1024,16,1.22460968799545e-10,73,3
6,6,1,2,"true","false",1024,16,1.19644084929894e-10,73,3
6,6,1,4,"true","true",1024,16,1.22014273387987e-10,73,3
8,4,1,4,"true","true",1024,64,2.5338437590301e-10,74,1
8,4,1,2,"true","true",1024,1024,3.99529150043409e-09,74,1
4,4,1,2,"true","true",1024,16,1.32280083828985e-10,74,1
4,4,1,2,"true","true",1024,4,1.31720001363936e-10,74,1
16,4,1,4,"true","true",1024,8,1.95431854444634e-10,74,1
4,4,1,2,"true","true",1024,4,1.31720001363936e-10,74,2
4,4,1,4,"true","true",1024,4,1.28144380123423e-10,74,2
8,4,1,4,"true","false",1024,4,1.62948238559842e-10,74,2
12,4,1,4,"true","false",1024,4,2.25075709745617e-10,74,2
16,4,1,4,"true","true",1024,4,1.99000880477294e-10,74,2
4,4,1,2,"true","false",1024,4,1.31614617171839e-10,74,3
4,4,1,4,"true","true",1024,4,1.28144380123423e-10,74,3
4,4,1,4,"true","false",1024,4,1.25778542785017e-10,74,3
4,4,1,2,"true","true",1024,4,1.31720001363936e-10,74,3
8,2,1,4,"true","true",1024,1024,3.59859814380929e-09,75,1
8,2,1,4,"true","true",1024,256,9.12535339984893e-10,75,1
4,2,1,2,"true","false",1024,16,1.76832409556732e-10,75,1
4,2,1,4,"true","false",1024,1,2.0261813527341e-10,75,1
6,2,1,2,"true","true",1024,2,2.37271711248517e-10,75,1
2,2,1,2,"true","true",1024,8,1.60639896867188e-10,75,2
2,2,1,4,"true","false",1024,8,1.65856504258804e-10,75,2
6,2,1,2,"true","true",1024,8,2.28939007618278e-10,75,2
6,2,1,2,"true","false",1024,8,2.25811711550876e-10,75,2
4,2,1,4,"true","true",1024,8,1.77385010610333e-10,75,2
2,2,1,2,"true","false",1024,8,1.61667909382334e-10,75,3
2,2,1,4,"true","true",1024,8,1.63870015157775e-10,75,3
2,2,1,4,"true","false",1024,8,1.65856504258804e-10,75,3
2,2,1,2,"true","true",1024,8,1.60639896867188e-10,75,3
9,3,1,2,"true","false",1024,256,9.80277459716053e-10,76,1
9,3,1,4,"true","true",1024,256,9.65683487603587e-10,76,1
9,3,1,4,"true","true",1024,512,1.99205599635601e-09,76,1
12,3,1,2,"true","false",1024,1,2.38029826005886e-10,76,1
3,3,1,2,"true","false",1024,512,1.90601535219602e-09,76,1
12,3,1,2,"true","true",1024,8,2.11305282243163e-10,76,2
3,3,1,4,"true","false",1024,8,1.42271856557733e-10,76,2
9,3,1,4,"true","false",1024,8,2.42307428023752e-10,76,2
12,3,1,2,"true","false",1024,8,2.12125429188637e-10,76,2
3,3,1,2,"true","false",1024,8,1.38077893481354e-10,76,2
3,3,1,4,"true","false",1024,8,1.42271856557733e-10,76,3
3,3,1,2,"true","true",1024,8,1.36548767259252e-10,76,3
3,3,1,4,"true","true",1024,8,1.37668844036886e-10,76,3
3,3,1,2,"true","false",1024,8,1.38077893481354e-10,76,3
12,3,1,4,"true","true",1024,64,2.79400535114494e-10,77,1
3,3,1,4,"true","true",1024,1,1.48203172230431e-10,77,1
12,3,1,4,"true","false",1024,1024,3.54397366844118e-09,77,1
6,3,1,2,"true","false",1024,1,1.81306472963182e-10,77,1
9,3,1,4,"true","false",1024,64,3.30630198432003e-10,77,1
9,3,1,2,"true","true",1024,4,2.42796412979382e-10,77,2
9,3,1,4,"true","true",1024,4,2.41119511666095e-10,77,2
6,3,1,4,"true","false",1024,4,1.58421786846984e-10,77,2
12,3,1,4,"true","true",1024,4,2.17052454784115e-10,77,2
6,3,1,2,"true","true",1024,4,1.57596472343103e-10,77,2
3,3,1,2,"true","true",1024,4,1.38177171391209e-10,77,3
3,3,1,4,"true","false",1024,4,1.38271566642236e-10,77,3
3,3,1,2,"true","false",1024,4,1.36603833125993e-10,77,3
3,3,1,4,"true","true",1024,4,1.44464161528362e-10,77,3
18,6,1,2,"true","false",1024,32,2.01888487367158e-10,78,1
6,6,1,2,"true","false",1024,512,1.78335462261649e-09,78,1
18,6,1,4,"true","true",1024,8,2.00335082779587e-10,78,1
12,6,1,2,"true","false",1024,4,1.47764281062067e-10,78,1
24,6,1,4,"true","true",1024,1,1.91331104291238e-10,78,1
12,6,1,2,"true","true",1024,4,1.46309076433785e-10,78,2
12,6,1,2,"true","false",1024,4,1.47764281062067e-10,78,2
12,6,1,4,"true","false",1024,4,1.44797891103858e-10,78,2
6,6,1,2,"true","true",1024,4,1.17842155236017e-10,78,2
24,6,1,4,"true","true",1024,4,1.8438493133474e-10,78,2
6,6,1,4,"true","false",1024,4,1.18096841715479e-10,78,3
6,6,1,2,"true","false",1024,4,1.18746991977228e-10,78,3
6,6,1,4,"true","true",1024,4,1.18152943056837e-10,78,3
6,6,1,2,"true","true",1024,4,1.17842155236017e-10,78,3
24,6,1,2,"true","true",1024,32,1.96296495556333e-10,79,1
6,6,1,2,"true","true",1024,1,1.25629960742448e-10,79,1
12,6,1,2,"true","true",1024,64,2.67015605956916e-10,79,1
6,6,1,4,"true","true",1024,64,2.34252881569392e-10,79,1
24,6,1,4,"true","false",1024,32,1.96796603880065e-10,79,1
12,6,1,2,"true","true",1024,1,1.66266800720289e-10,79,2
6,6,1,2,"true","false",1024,1,1.28669181117226e-10,79,2
12,6,1,2,"true","false",1024,1,1.72027984763759e-10,79,2
6,6,1,4,"true","false",1024,1,1.25373995702647e-10,79,2
24,6,1,4,"true","false",1024,1,1.91426613429802e-10,79,2
6,6,1,4,"true","false",1024,1,1.25373995702647e-10,79,3
6,6,1,4,"true","true",1024,1,1.29667282018423e-10,79,3
6,6,1,2,"true","true",1024,1,1.25629960742448e-10,79,3
6,6,1,2,"true","false",1024,1,1.28669181117226e-10,79,3
12,6,1,4,"true","true",1024,1024,4.27170119094575e-09,80,1
18,6,1,2,"true","true",1024,32,2.04312758296843e-10,80,1
18,6,1,4,"true","true",1024,1,2.11893736135149e-10,80,1
24,6,1,4,"true","true",1024,1024,3.76199891146495e-09,80,1
6,6,1,4,"true","false",1024,1024,3.75090570180612e-09,80,1
6,6,1,4,"true","false",1024,8,1.20545060937111e-10,80,2
6,6,1,4,"true","true",1024,8,1.20170053330998e-10,80,2
18,6,1,4,"true","false",1024,8,1.97656212879105e-10,80,2
12,6,1,2,"true","true",1024,8,1.49194607615408e-10,80,2
12,6,1,4,"true","true",1024,8,1.46321716607771e-10,80,2
6,6,1,2,"true","false",1024,8,1.17642516833282e-10,80,3
6,6,1,2,"true","true",1024,8,1.18235071768955e-10,80,3
6,6,1,4,"true","false",1024,8,1.20545060937111e-10,80,3
6,6,1,4,"true","true",1024,8,1.20170053330998e-10,80,3
12,6,1,4,"true","false",1024,16,1.47185555740561e-10,81,1
6,6,1,4,"true","true",1024,1024,3.74583349518373e-09,81,1
12,6,1,4,"true","true",1024,16,1.49068391521557e-10,81,1
12,6,1,2,"true","false",1024,8,1.4752920068034e-10,81,1
24,6,1,4,"true","false",1024,2,1.93659839184499e-10,81,1
18,6,1,2,"true","true",1024,8,1.96980588874906e-10,81,2
12,6,1,2,"true","false",1024,8,1.4752920068034e-10,81,2
6,6,1,4,"true","false",1024,8,1.20545060937111e-10,81,2
24,6,1,4,"true","false",1024,8,1.75769318569462e-10,81,2
24,6,1,4,"true","true",1024,8,1.7607829667075e-10,81,2
6,6,1,2,"true","true",1024,8,1.18235071768955e-10,81,3
6,6,1,4,"true","false",1024,8,1.20545060937111e-10,81,3
6,6,1,2,"true","false",1024,8,1.17642516833282e-10,81,3
6,6,1,4,"true","true",1024,8,1.20170053330998e-10,81,3
18,6,1,4,"true","true",512,4,1.68531742110362e-10,82,1
18,6,1,2,"true","false",512,256,1.65941813145157e-09,82,1
18,6,1,4,"true","false",512,128,8.18100689078231e-10,82,1
24,6,1,4,"true","false",512,2,1.54225278217072e-10,82,1
6,6,1,2,"true","false",512,1,1.19017365172127e-10,82,1
18,6,1,2,"true","true",512,1,1.737709813722e-10,82,2
18,6,1,2,"true","false",512,1,1.72285156829739e-10,82,2
6,6,1,2,"true","true",512,1,1.19115341444505e-10,82,2
24,6,1,2,"true","false",512,1,1.64157159575401e-10,82,2
12,6,1,2,"true","false",512,1,1.44747236228055e-10,82,2
6,6,1,4,"true","false",512,1,1.25632486846433e-10,82,3
6,6,1,4,"true","true",512,1,1.21269798663001e-10,82,3
6,6,1,2,"true","true",512,1,1.19115341444505e-10,82,3
6,6,1,2,"true","false",512,1,1.19017365172127e-10,82,3
12,6,1,4,"true","true",1024,64,2.6041223747282e-10,83,1
24,6,1,2,"true","false",1024,4,1.84358051485813e-10,83,1
6,6,1,2,"true","true",1024,1,1.25629960742448e-10,83,1
24,6,1,4,"true","true",1024,4,1.8438493133474e-10,83,1
24,6,1,2,"true","true",1024,1024,3.73508379450786e-09,83,1
18,6,1,4,"true","true",1024,4,1.96653521112483e-10,83,2
18,6,1,2,"true","false",1024,4,1.9579992664427e-10,83,2
6,6,1,2,"true","false",1024,4,1.18746991977228e-10,83,2
12,6,1,2,"true","false",1024,4,1.47764281062067e-10,83,2
12,6,1,4,"true","false",1024,4,1.44797891103858e-10,83,2
6,6,1,2,"true","false",1024,4,1.18746991977228e-10,83,3
6,6,1,4,"true","true",1024,4,1.18152943056837e-10,83,3
6,6,1,4,"true","false",1024,4,1.18096841715479e-10,83,3
6,6,1,2,"true","true",1024,4,1.17842155236017e-10,83,3
8,4,1,4,"true","false",1024,16,1.64832031092015e-10,84,1
12,4,1,2,"true","true",1024,4,2.22085798416103e-10,84,1
8,4,1,2,"true","true",1024,1,1.93184236692277e-10,84,1
16,4,1,2,"true","false",1024,1,2.14388310301496e-10,84,1
12,4,1,4,"true","false",1024,64,2.9992276516751e-10,84,1
12,4,1,4,"true","true",1024,4,2.21903160520756e-10,84,2
8,4,1,2,"true","true",1024,4,1.71405288270287e-10,84,2
12,4,1,2,"true","true",1024,4,2.22085798416103e-10,84,2
16,4,1,4,"true","true",1024,4,1.99000880477294e-10,84,2
8,4,1,4,"true","true",1024,4,1.66316986678056e-10,84,2
4,4,1,4,"true","true",1024,4,1.28144380123423e-10,84,3
4,4,1,2,"true","false",1024,4,1.31614617171839e-10,84,3
4,4,1,4,"true","false",1024,4,1.25778542785017e-10,84,3
4,4,1,2,"true","true",1024,4,1.31720001363936e-10,84,3
18,6,1,2,"true","false",1024,1,2.06513104887015e-10,85,1
12,6,1,4,"true","true",1024,64,2.6041223747282e-10,85,1
24,6,1,4,"true","true",1024,8,1.7607829667075e-10,85,1
18,6,1,2,"true","true",1024,1,2.05172384225424e-10,85,1
12,6,1,2,"true","true",1024,2,1.57978088075263e-10,85,1
18,6,1,2,"true","false",1024,4,1.9579992664427e-10,85,2
12,6,1,2,"true","true",1024,4,1.46309076433785e-10,85,2
18,6,1,4,"true","true",1024,4,1.96653521112483e-10,85,2
12,6,1,4,"true","true",1024,4,1.44872092405152e-10,85,2
12,6,1,2,"true","false",1024,4,1.47764281062067e-10,85,2
6,6,1,4,"true","false",1024,4,1.18096841715479e-10,85,3
6,6,1,2,"true","false",1024,4,1.18746991977228e-10,85,3
6,6,1,4,"true","true",1024,4,1.18152943056837e-10,85,3
6,6,1,2,"true","true",1024,4,1.17842155236017e-10,85,3
18,6,1,4,"true","false",1024,4,1.96012266685612e-10,86,1
18,6,1,4,"true","true",1024,1,2.11893736135149e-10,86,1
24,6,1,2,"true","true",1024,128,4.12411937827371e-10,86,1
6,6,1,2,"true","false",1024,128,4.33511607264778e-10,86,1
12,6,1,4,"true","false",1024,1,1.65468945727278e-10,86,1
12,6,1,2,"true","true",1024,1,1.66266800720289e-10,86,2
24,6,1,2,"true","false",1024,1,1.9110560617478e-10,86,2
6,6,1,4,"true","false",1024,1,1.25373995702647e-10,86,2
18,6,1,2,"true","false",1024,1,2.06513104887015e-10,86,2
24,6,1,2,"true","true",1024,1,1.9105824995861e-10,86,2
6,6,1,4,"true","true",1024,1,1.29667282018423e-10,86,3
6,6,1,2,"true","false",1024,1,1.28669181117226e-10,86,3
6,6,1,2,"true","true",1024,1,1.25629960742448e-10,86,3
6,6,1,4,"true","false",1024,1,1.25373995702647e-10,86,3
6,6,1,2,"true","true",1024,64,2.35747097259899e-10,87,1
6,6,1,4,"true","false",1024,64,2.33681280815557e-10,87,1
18,6,1,4,"true","false",1024,1,2.05702749346096e-10,87,1
6,6,1,4,"true","false",1024,256,8.92195310910122e-10,87,1
24,6,1,2,"true","true",1024,4,1.84063389791926e-10,87,1
6,6,1,2,"true","false",1024,8,1.17642516833282e-10,87,2
12,6,1,4,"true","false",1024,8,1.47696848296835e-10,87,2
18,6,1,4,"true","false",1024,8,1.97656212879105e-10,87,2
24,6,1,4,"true","true",1024,8,1.7607829667075e-10,87,2
6,6,1,4,"true","false",1024,8,1.20545060937111e-10,87,2
6,6,1,4,"true","false",1024,8,1.20545060937111e-10,87,3
6,6,1,4,"true","true",1024,8,1.20170053330998e-10,87,3
6,6,1,2,"true","false",1024,8,1.17642516833282e-10,87,3
6,6,1,2,"true","true",1024,8,1.18235071768955e-10,87,3
16,4,1,2,"true","false",1024,256,8.05179436721902e-10,88,1
8,4,1,4,"true","false",1024,16,1.64832031092015e-10,88,1
8,4,1,2,"true","true",1024,512,1.8704735637605e-09,88,1
16,4,1,4,"true","true",1024,8,1.95431854444634e-10,88,1
16,4,1,4,"true","false",1024,1024,3.51138768231318e-09,88,1
16,4,1,2,"true","true",1024,16,1.98094613916691e-10,88,2
4,4,1,2,"true","true",1024,16,1.32280083828985e-10,88,2
12,4,1,4,"true","false",1024,16,2.23616836448735e-10,88,2
8,4,1,4,"true","true",1024,16,1.68307706694885e-10,88,2
4,4,1,4,"true","false",1024,16,1.2941581237827e-10,88,2
4,4,1,2,"true","false",1024,16,1.33191938969492e-10,88,3
4,4,1,2,"true","true",1024,16,1.32280083828985e-10,88,3
4,4,1,4,"true","false",1024,16,1.2941581237827e-10,88,3
4,4,1,4,"true","true",1024,16,1.27991660200843e-10,88,3
6,2,1,4,"true","false",1024,4,2.27657425451526e-10,89,1
2,2,1,2,"true","false",1024,8,1.61667909382334e-10,89,1
8,2,1,4,"true","true",1024,128,4.9264000701761e-10,89,1
8,2,1,4,"true","false",1024,1024,3.59203051879895e-09,89,1
6,2,1,2,"true","true",1024,128,5.75646180150318e-10,89,1
2,2,1,2,"true","true",1024,16,1.6735894887162e-10,89,2
8,2,1,4,"true","false",1024,16,2.5830200766585e-10,89,2
6,2,1,4,"true","true",1024,16,2.37624580615674e-10,89,2
4,2,1,4,"true","false",1024,16,1.81128680443517e-10,89,2
6,2,1,4,"true","false",1024,16,2.38456858882081e-10,89,2
2,2,1,4,"true","true",1024,16,1.69456200493895e-10,89,3
2,2,1,2,"true","false",1024,16,1.6667846484997e-10,89,3
2,2,1,4,"true","false",1024,16,1.68634140293463e-10,89,3
2,2,1,2,"true","true",1024,16,1.6735894887162e-10,89,3
24,6,1,4,"true","false",1024,1024,3.76379579625581e-09,90,1
18,6,1,4,"true","true",1024,2,2.02967591494609e-10,90,1
18,6,1,2,"true","false",1024,512,1.94636307397828e-09,90,1
6,6,1,2,"true","true",1024,8,1.18235071768955e-10,90,1
18,6,1,2,"true","true",1024,512,1.94849260793913e-09,90,1
24,6,1,2,"true","true",1024,8,1.77595009577156e-10,90,2
12,6,1,4,"true","true",1024,8,1.46321716607771e-10,90,2
6,6,1,2,"true","true",1024,8,1.18235071768955e-10,90,2
12,6,1,2,"true","false",1024,8,1.4752920068034e-10,90,2
24,6,1,2,"true","false",1024,8,1.78857911487235e-10,90,2
6,6,1,2,"true","true",1024,8,1.18235071768955e-10,90,3
6,6,1,4,"true","true",1024,8,1.20170053330998e-10,90,3
6,6,1,2,"true","false",1024,8,1.17642516833282e-10,90,3
6,6,1,4,"true","false",1024,8,1.20545060937111e-10,90,3
6,3,1,4,"true","true",1024,256,9.10878941206235e-10,91,1
9,3,1,2,"true","true",1024,512,2.02333621849986e-09,91,1
9,3,1,4,"true","true",1024,128,5.48405745459173e-10,91,1
6,3,1,2,"true","false",1024,2,1.64121934936074e-10,91,1
12,3,1,2,"true","false",1024,512,1.75710310448033e-09,91,1
12,3,1,2,"true","true",1024,8,2.11305282243163e-10,91,2
9,3,1,2,"true","false",1024,8,2.42989480166307e-10,91,2
12,3,1,2,"true","false",1024,8,2.12125429188637e-10,91,2
6,3,1,2,"true","false",1024,8,1.55385040302911e-10,91,2
3,3,1,2,"true","true",1024,8,1.36548767259252e-10,91,2
3,3,1,2,"true","true",1024,8,1.36548767259252e-10,91,3
3,3,1,4,"true","true",1024,8,1.37668844036886e-10,91,3
3,3,1,2,"true","false",1024,8,1.38077893481354e-10,91,3
3,3,1,4,"true","false",1024,8,1.42271856557733e-10,91,3
9,3,1,2,"true","false",1024,8,2.42989480166307e-10,92,1
3,3,1,2,"true","false",1024,512,1.90601535219602e-09,92,1
12,3,1,4,"true","true",1024,2,2.28911546767531e-10,92,1
12,3,1,2,"true","true",1024,2,2.36252040121104e-10,92,1
9,3,1,2,"true","false",1024,256,9.80277459716053e-10,92,1
6,3,1,2,"true","true",1024,8,1.55095037351769e-10,92,2
6,3,1,4,"true","true",1024,8,1.55903394143869e-10,92,2
3,3,1,4,"true","true",1024,8,1.37668844036886e-10,92,2
6,3,1,4,"true","false",1024,8,1.55381598320639e-10,92,2
9,3,1,2,"true","true",1024,8,2.45658349368244e-10,92,2
3,3,1,4,"true","true",1024,8,1.37668844036886e-10,92,3
3,3,1,2,"true","false",1024,8,1.38077893481354e-10,92,3
3,3,1,2,"true","true",1024,8,1.36548767259252e-10,92,3
3,3,1,4,"true","false",1024,8,1.42271856557733e-10,92,3
18,6,1,2,"true","true",1024,1024,4.25564361559655e-09,93,1
18,6,1,4,"true","true",1024,8,2.00335082779587e-10,93,1
6,6,1,2,"true","true",1024,8,1.18235071768955e-10,93,1
24,6,1,2,"true","true",1024,256,8.62757924340227e-10,93,1
18,6,1,4,"true","true",1024,16,1.98759837481563e-10,93,1
12,6,1,4,"true","false",1024,32,1.63379542307194e-10,93,2
18,6,1,4,"true","false",1024,32,2.01720491086732e-10,93,2
12,6,1,2,"true","true",1024,32,1.64232777656463e-10,93,2
6,6,1,4,"true","true",1024,32,1.28655386741334e-10,93,2
6,6,1,4,"true","false",1024,32,1.30129748438669e-10,93,2
6,6,1,2,"true","true",1024,32,1.306016079639e-10,93,3
6,6,1,4,"true","false",1024,32,1.30129748438669e-10,93,3
6,6,1,2,"true","false",1024,32,1.30214124849928e-10,93,3
6,6,1,4,"true","true",1024,32,1.28655386741334e-10,93,3
8,2,1,2,"true","true",1024,32,2.58954711593992e-10,94,1
4,2,1,4,"true","true",1024,1024,3.93689791026561e-09,94,1
2,2,1,2,"true","false",1024,1024,3.95248044004355e-09,94,1
2,2,1,4,"true","true",1024,32,1.65762166890593e-10,94,1
4,2,1,4,"true","true",1024,2,1.90348048990905e-10,94,1
6,2,1,2,"true","false",1024,8,2.25811711550876e-10,94,2
6,2,1,2,"true","true",1024,8,2.28939007618278e-10,94,2
2,2,1,4,"true","true",1024,8,1.63870015157775e-10,94,2
6,2,1,4,"true","true",1024,8,2.34187492270022e-10,94,2
4,2,1,4,"true","true",1024,8,1.77385010610333e-10,94,2
2,2,1,2,"true","false",1024,8,1.61667909382334e-10,94,3
2,2,1,2,"true","true",1024,8,1.60639896867188e-10,94,3
2,2,1,4,"true","false",1024,8,1.65856504258804e-10,94,3
2,2,1,4,"true","true",1024,8,1.63870015157775e-10,94,3
18,6,1,2,"true","false",1024,256,9.85788526764859e-10,95,1
6,6,1,4,"true","false",1024,64,2.33681280815557e-10,95,1
12,6,1,4,"true","false",1024,1,1.65468945727278e-10,95,1
24,6,1,4,"true","false",1024,32,1.96796603880065e-10,95,1
18,6,1,2,"true","false",1024,4,1.9579992664427e-10,95,1
6,6,1,4,"true","false",1024,4,1.18096841715479e-10,95,2
24,6,1,2,"true","true",1024,4,1.84063389791926e-10,95,2
24,6,1,4,"true","true",1024,4,1.8438493133474e-10,95,2
18,6,1,2,"true","true",1024,4,1.95424187091909e-10,95,2
18,6,1,4,"true","false",1024,4,1.96012266685612e-10,95,2
6,6,1,4,"true","true",1024,4,1.18152943056837e-10,95,3
6,6,1,2,"true","true",1024,4,1.17842155236017e-10,95,3
6,6,1,4,"true","false",1024,4,1.18096841715479e-10,95,3
6,6,1,2,"true","false",1024,4,1.18746991977228e-10,95,3
18,6,1,2,"true","false",1024,256,9.85788526764859e-10,96,1
18,6,1,4,"true","false",1024,8,1.97656212879105e-10,96,1
24,6,1,2,"true","true",1024,1024,3.73508379450786e-09,96,1
18,6,1,2,"true","true",1024,1,2.05172384225424e-10,96,1
6,6,1,4,"true","true",1024,2,1.18398283203908e-10,96,1
24,6,1,2,"true","false",1024,4,1.84358051485813e-10,96,2
6,6,1,2,"true","true",1024,4,1.17842155236017e-10,96,2
24,6,1,2,"true","true",1024,4,1.84063389791926e-10,96,2
18,6,1,4,"true","false",1024,4,1.96012266685612e-10,96,2
18,6,1,2,"true","true",1024,4,1.95424187091909e-10,96,2
6,6,1,4,"true","true",1024,4,1.18152943056837e-10,96,3
6,6,1,2,"true","false",1024,4,1.18746991977228e-10,96,3
6,6,1,4,"true","false",1024,4,1.18096841715479e-10,96,3
6,6,1,2,"true","true",1024,4,1.17842155236017e-10,96,3
12,3,1,2,"true","false",1024,1024,3.52759614002703e-09,97,1
6,3,1,2,"true","false",1024,4,1.56904997776166e-10,97,1
6,3,1,2,"true","true",1024,4,1.57596472343103e-10,97,1
6,3,1,2,"true","true",1024,1,1.83630850979442e-10,97,1
6,3,1,2,"true","false",1024,256,9.18924460577398e-10,97,1
12,3,1,4,"true","true",1024,4,2.17052454784115e-10,97,2
6,3,1,4,"true","false",1024,4,1.58421786846984e-10,97,2
9,3,1,2,"true","true",1024,4,2.42796412979382e-10,97,2
3,3,1,2,"true","false",1024,4,1.36603833125993e-10,97,2
3,3,1,4,"true","false",1024,4,1.38271566642236e-10,97,2
3,3,1,2,"true","true",1024,4,1.38177171391209e-10,97,3
3,3,1,4,"true","true",1024,4,1.44464161528362e-10,97,3
3,3,1,4,"true","false",1024,4,1.38271566642236e-10,97,3
3,3,1,2,"true","false",1024,4,1.36603833125993e-10,97,3
6,3,1,4,"true","true",1024,64,2.64124015563851e-10,98,1
6,3,1,2,"true","true",1024,128,4.82427828906659e-10,98,1
6,3,1,4,"true","true",1024,2,1.65532685126969e-10,98,1
3,3,1,4,"true","false",1024,16,1.44465282170395e-10,98,1
9,3,1,2,"true","false",1024,16,2.45719917595083e-10,98,1
3,3,1,4,"true","true",1024,4,1.44464161528362e-10,98,2
3,3,1,4,"true","false",1024,4,1.38271566642236e-10,98,2
12,3,1,2,"true","false",1024,4,2.21969340498309e-10,98,2
12,3,1,4,"true","true",1024,4,2.17052454784115e-10,98,2
9,3,1,4,"true","true",1024,4,2.41119511666095e-10,98,2
3,3,1,4,"true","true",1024,4,1.44464161528362e-10,98,3
3,3,1,2,"true","true",1024,4,1.38177171391209e-10,98,3
3,3,1,4,"true","false",1024,4,1.38271566642236e-10,98,3
3,3,1,2,"true","false",1024,4,1.36603833125993e-10,98,3
18,6,1,4,"true","false",1024,1,2.05702749346096e-10,99,1
18,6,1,2,"true","false",1024,16,2.00063512605115e-10,99,1
18,6,1,4,"true","false",1024,256,9.79368446856352e-10,99,1
12,6,1,4,"true","true",1024,1,1.64708638170676e-10,99,1
12,6,1,4,"true","false",1024,1024,4.27564709386384e-09,99,1
24,6,1,2,"true","true",1024,8,1.77595009577156e-10,99,2
6,6,1,2,"true","true",1024,8,1.18235071768955e-10,99,2
18,6,1,2,"true","true",1024,8,1.96980588874906e-10,99,2
24,6,1,2,"true","false",1024,8,1.78857911487235e-10,99,2
12,6,1,4,"true","false",1024,8,1.47696848296835e-10,99,2
6,6,1,2,"true","true",1024,8,1.18235071768955e-10,99,3
6,6,1,2,"true","false",1024,8,1.17642516833282e-10,99,3
6,6,1,4,"true","false",1024,8,1.20545060937111e-10,99,3
6,6,1,4,"true","true",1024,8,1.20170053330998e-10,99,3
6,6,1,4,"true","false",512,32,2.09390647360106e-10,100,1
6,6,1,4,"true","false",512,4,1.1888726151874e-10,100,1
6,6,1,2,"true","false",512,8,1.19268542616746e-10,100,1
18,6,1,4,"true","false",512,512,3.36637176723257e-09,100,1
6,6,1,4,"true","false",512,1,1.25632486846433e-10,100,1
18,6,1,4,"true","false",512,4,1.66699543658445e-10,100,2
6,6,1,2,"true","true",512,4,1.1835008391896e-10,100,2
18,6,1,2,"true","false",512,4,1.704944297498e-10,100,2
6,6,1,4,"true","true",512,4,1.21740913105725e-10,100,2
24,6,1,4,"true","true",512,4,1.49836739442439e-10,100,2
6,6,1,4,"true","false",512,4,1.1888726151874e-10,100,3
6,6,1,2,"true","false",512,4,1.23019310645269e-10,100,3
6,6,1,4,"true","true",512,4,1.21740913105725e-10,100,3
6,6,1,2,"true","true",512,4,1.1835008391896e-10,100,3
